raw_name,team_id,display_name
AZ Arsenal Pre-ECNL B15,163451.0,AZ Arsenal Pre-ECNL B15
15B AChacon Pre-MLS Next,80237.0,15B AChacon Pre-MLS Next
15/16B Valenzuela Nogales,541851.0,15/16B Valenzuela Nogales
Chelsea 15B,334055.0,Chelsea 15B
15 Pre-MLS Next #1,304059.0,15 Pre-MLS Next #1
15 Boys National League #1,275533.0,15 Boys National League #1
15 Boys Soul Warriors,395681.0,15 Boys Soul Warriors
CDO 15B Premier,284382.0,CDO 15B Premier
2015 Boys Yellow,385774.0,2015 Boys Yellow
2015 Boys Blue,367902.0,2015 Boys Blue
2015 Boys Blue,506718.0,2015 Boys Blue
15 Boys Navy,166516.0,15 Boys Navy
CDO 15B Elite,398193.0,CDO 15B Elite
Phoenix United 2015 Elite,367030.0,Phoenix United 2015 Elite
Phoenix Premier FC 15B Black,57044.0,Phoenix Premier FC 15B Black
BRAZAS FC 2015 Boys Black,615532.0,BRAZAS FC 2015 Boys Black
PRFC West Valley 15B Pre-Academy,120248.0,PRFC West Valley 15B Pre-Academy
Southeast 2015 Boys Red,288452.0,Southeast 2015 Boys Red
PRFC Scottsdale 15B Copa,259314.0,PRFC Scottsdale 15B Copa
Southeast 2015 Boys Black,238249.0,Southeast 2015 Boys Black
Northwest 2015 Boys Black,486579.0,Northwest 2015 Boys Black
15B Garza Pre MLS Next,202919.0,15B Garza Pre MLS Next
15B NMarkette Pre-MLS Next,82323.0,15B NMarkette Pre-MLS Next
Dynamos SC 15B SC,126695.0,Dynamos SC 15B SC
Excel Soccer Academy 15B Red,306056.0,Excel Soccer Academy 15B Red
15B Jason Pre MLS Next,558242.0,15B Jason Pre MLS Next
CCV Stars 15 Boys North Pre-ECNL,128642.0,CCV Stars 15 Boys North Pre-ECNL
PRFC West Valley 15B Predator,120282.0,PRFC West Valley 15B Predator
FDI 2015,513843.0,FDI 2015
La Piedad FC 2015,533848.0,La Piedad FC 2015
Deportivo Coras USA 2015,178607.0,Deportivo Coras USA 2015
2015 Rush Boys,370615.0,2015 Rush Boys
PRFC Desert Foothills 15B Predator,255974.0,PRFC Desert Foothills 15B Predator
15B IGerman,363435.0,15B IGerman
PRFC North Valley 15B Predator,260959.0,PRFC North Valley 15B Predator
State 48 FC Avondale 15 Copper,469906.0,State 48 FC Avondale 15 Copper
Northwest 2015 Boys Red,501674.0,Northwest 2015 Boys Red
AZSC 2015B Navy,80006.0,AZSC 2015B Navy
State 48 FC 15 Elite,261196.0,State 48 FC 15 Elite
Southeast 2015 Boys Green,501668.0,Southeast 2015 Boys Green
AZ Arsenal Pre-ECNL RL B15,254492.0,AZ Arsenal Pre-ECNL RL B15
CCV Stars 15 Boys South Pre-ECNL,259054.0,CCV Stars 15 Boys South Pre-ECNL
Scottsdale 15 Sandsharks Select,151833.0,Scottsdale 15 Sandsharks Select
Dynamos SC 15B Gold,152078.0,Dynamos SC 15B Gold
Brazas 2015 Boys Gold Diego Rangel,250958.0,Brazas 2015 Boys Gold Diego Rangel
Brazas 2015 Boys White Diego Lopez,520380.0,Brazas 2015 Boys White Diego Lopez
AZSC 15B Gold,189718.0,AZSC 15B Gold
PRFC Scottsdale 15B Samba,492965.0,PRFC Scottsdale 15B Samba
PRFC Southeast Valley 15B Predator,384729.0,PRFC Southeast Valley 15B Predator
PRFC West Valley 15B Samba,257261.0,PRFC West Valley 15B Samba
AYSO 1079 2015 Boys,570465.0,AYSO 1079 2015 Boys
NOS Santos 15 Boys White,262802.0,NOS Santos 15 Boys White
Salsa 2015,513881.0,Salsa 2015
PRFC Southeast Valley 15B Predator-Central,494080.0,PRFC Southeast Valley 15B Predator-Central
Scottsdale 15 Sandsharks Black,405999.0,Scottsdale 15 Sandsharks Black
RSL-AZ Yuma 15 Boys Patino WHITE,557885.0,RSL-AZ Yuma 15 Boys Patino WHITE
Pima Surf Academy Boys 15,326440.0,Pima Surf Academy Boys 15
PSG 15B Blue,373024.0,PSG 15B Blue
15B NJMarkette,135022.0,15B NJMarkette
PRFC Scottsdale 15B Predator,259313.0,PRFC Scottsdale 15B Predator
Southeast 2015 Boys Blue,307803.0,Southeast 2015 Boys Blue
Phoenix United 2015 Academy,367035.0,Phoenix United 2015 Academy
PRFC Desert Foothills 15B Copa,296583.0,PRFC Desert Foothills 15B Copa
CCV Stars 15 Boys West Pre-ECNL,259031.0,CCV Stars 15 Boys West Pre-ECNL
PRFC North Valley 15B PreAcademy,260958.0,PRFC North Valley 15B PreAcademy
PRFC Scottsdale 15B Pre-Academy,129169.0,PRFC Scottsdale 15B Pre-Academy
Madison FC 15 Gold Boys,253825.0,Madison FC 15 Gold Boys
PRFC Southeast Valley 15B Pre-Academy,129374.0,PRFC Southeast Valley 15B Pre-Academy
AZ Arsenal 15 Boys Flagstaff,526663.0,AZ Arsenal 15 Boys Flagstaff
AZSC 2015B White,80005.0,AZSC 2015B White
15B OMolina,252018.0,15B OMolina
15B DGerman,80240.0,15B DGerman
Dorados Reserve 2015,433948.0,Dorados Reserve 2015
OJB FC 2015 Boys,576789.0,OJB FC 2015 Boys
AZEV B2015 (NAVY),492404.0,AZEV B2015 (NAVY)
BVBIA ARIZONA BLACK & YELLOW 2015,663588.0,BVBIA ARIZONA BLACK & YELLOW 2015
RSL-AZ Yuma 15 Boys Patino,79737.0,RSL-AZ Yuma 15 Boys Patino
Tuzos Academy Mesa 2015,385524.0,Tuzos Academy Mesa 2015
AYSO 1079 2015/16 Boys,576105.0,AYSO 1079 2015/16 Boys
AZ Arsenal 15 Boys Teal SH,615324.0,AZ Arsenal 15 Boys Teal SH
15B Campos,494461.0,15B Campos
15B Rayados Blue,546436.0,15B Rayados Blue
RYSC 2015,232674.0,RYSC 2015
Select 15B Red,521426.0,Select 15B Red
Tuzos Edwin 2015,319586.0,Tuzos Edwin 2015
Atletico Tuzos Guerrero 2015,385547.0,Atletico Tuzos Guerrero 2015
Tuzos USA 2015A,220089.0,Tuzos USA 2015A
AZ Arsenal 15 Boys Teal BD,372722.0,AZ Arsenal 15 Boys Teal BD
East Valley NSFC 15 Boys Tiggs,78766.0,East Valley NSFC 15 Boys Tiggs
AZ Arsenal 15 Boys Teal CE,254493.0,AZ Arsenal 15 Boys Teal CE
15B Overlin,364431.0,15B Overlin
Playmaker Futbol Academy 15B Black,115875.0,Playmaker Futbol Academy 15B Black
Tuzos Nogales 2015,546274.0,Tuzos Nogales 2015
AZ Thundercats 2015,562204.0,AZ Thundercats 2015
NOS Santos 15 Boys Blue,262790.0,NOS Santos 15 Boys Blue
CCV STARS 15 Boys Red PEO,128645.0,CCV STARS 15 Boys Red PEO
15 Pre-MLS Next #2,304060.0,15 Pre-MLS Next #2
FSC United 15 Boys,289274.0,FSC United 15 Boys
OJB FC 2015 Boys*,576789.0,OJB FC 2015 Boys
AZ Arsenal 15 Boys Select,521383.0,AZ Arsenal 15 Boys Select
EV-NSFC 15 Boys Tiggs(2),277188.0,EV-NSFC 15 Boys Tiggs(2)
CAC 15/16B (Conroy),658496.0,CAC 15/16B (Conroy)
PSG 15B Red,615217.0,PSG 15B Red
Deportivo Mexico 15B,558129.0,Deportivo Mexico 15B
Freedom Roadrunners,185319.0,Freedom Roadrunners
SASC 2015B Cardinals Jimenez,544458.0,SASC 2015B Cardinals Jimenez
VSC 2015 Boys Green,305497.0,VSC 2015 Boys Green
15B Hinds,492115.0,15B Hinds
15B Echanove,413798.0,15B Echanove
15B Laroussi,404637.0,15B Laroussi
CCV Stars 15 Boys North Navy,128644.0,CCV Stars 15 Boys North Navy
AYSO 216 10UB PSP Gila Valley Ninjas,577124.0,AYSO 216 10UB PSP Gila Valley Ninjas
Chelsea 15B2,556218.0,Chelsea 15B2
Phoenix Premier FC 15B White,322193.0,Phoenix Premier FC 15B White
Playmaker Futbol Academy 15B Gold,642531.0,Playmaker Futbol Academy 15B Gold
Phoenix Premier FC 15B X-Factor,250007.0,Phoenix Premier FC 15B X-Factor
La Piedad FC 2015 Blue,639967.0,La Piedad FC 2015 Blue
State 48 FC Buckeye 15 Black,326387.0,State 48 FC Buckeye 15 Black
Tuzos Royals 2015,624219.0,Tuzos Royals 2015
15B Rayados White,546442.0,15B Rayados White
15 Boys National League #2,385309.0,15 Boys National League #2
RSL-AZ Yuma 15 Boys Guzman,457765.0,RSL-AZ Yuma 15 Boys Guzman
15B Simbron,559181.0,15B Simbron
Northwest 2015 Boys Blue,628124.0,Northwest 2015 Boys Blue
EXCEL25WU9U10B2LVaras,559753.0,EXCEL25WU9U10B2LVaras
EXCEL25WrU9U10B1Overlin,559754.0,EXCEL25WrU9U10B1Overlin
Havasu Lions 15B Schwing,519423.0,Havasu Lions 15B Schwing
15B Rayados Red,546441.0,15B Rayados Red
Rangers 15B,551993.0,Rangers 15B
VSC 2015 Boys Black,544769.0,VSC 2015 Boys Black
VSC 2015 Boys White,407089.0,VSC 2015 Boys White
Flagstaff Revolution 2015 Boys,525619.0,Flagstaff Revolution 2015 Boys
FC Deportivo AZ 2015B (Gallegos),523916.0,FC Deportivo AZ 2015B (Gallegos)
Kingman SC B15/16-Gonzalez,442093.0,Kingman SC B15/16-Gonzalez
PRFC Scottsdale 15B Stars,215969.0,PRFC Scottsdale 15B Stars
GRP QC U10B T03 Aguirre White,541750.0,GRP QC U10B T03 Aguirre White
CCV Stars 15 Boys East Pre-ECNL,259042.0,CCV Stars 15 Boys East Pre-ECNL
Madison FC 15 Blue Boys,372005.0,Madison FC 15 Blue Boys
15B Johnson,574570.0,15B Johnson
Prescott Predators 15B Leick,583983.0,Prescott Predators 15B Leick
PRFC Southeast Valley 15B Samba,152588.0,PRFC Southeast Valley 15B Samba
Real Arizona 2015,443821.0,Real Arizona 2015
Sun Warriors 15/16 Boys,86702.0,Sun Warriors 15/16 Boys
Challenge 10B,595469.0,Challenge 10B
Verde Valley United FC - U10 Boys,594010.0,Verde Valley United FC - U10 Boys
Select 15B,207298.0,Select 15B
EV-NSFC 15 Boys Smith,502888.0,EV-NSFC 15 Boys Smith
NOS Santos 15 Boys Yellow,620045.0,NOS Santos 15 Boys Yellow
CCV Stars 15 Boys South Orange,619208.0,CCV Stars 15 Boys South Orange
AZ Inferno 15 Boys Black,267570.0,AZ Inferno 15 Boys Black
EXCEL25WU9U10B3Klein,559756.0,EXCEL25WU9U10B3Klein
Cobre Mountain Roadrunners 5,568182.0,Cobre Mountain Roadrunners 5
EXCEL24FallU9U10B4Crudup,559757.0,EXCEL24FallU9U10B4Crudup
15B Oscar,373079.0,15B Oscar
Tornados FC,443936.0,Tornados FC
CCV Stars 15 Boys West Orange,382626.0,CCV Stars 15 Boys West Orange
FC ARIZONA 15 PURTELL,496539.0,FC ARIZONA 15 PURTELL
EXCEL24FallU9U10B2Komiskey,559755.0,EXCEL24FallU9U10B2Komiskey
EXCEL25WU9U10B4Elsaady,559752.0,EXCEL25WU9U10B4Elsaady
Renegades 15B,419446.0,Renegades 15B
U-11 (2015) Boys Pre Academy Blue,383405.0,U-11 (2015) Boys Pre Academy Blue
West Valley 15/16B,521210.0,West Valley 15/16B
West Valley 2015 Boys Rose,444284.0,West Valley 2015 Boys Rose
CCV Stars 15 Boys North Orange,128643.0,CCV Stars 15 Boys North Orange
FCDA 2015/16B Pre - Academy,324106.0,FCDA 2015/16B Pre - Academy
West Valley 2015 Boys Valencia Pre-Premier,305345.0,West Valley 2015 Boys Valencia Pre-Premier
Synergy FC 15/16B Montone,497757.0,Synergy FC 15/16B Montone
PSC 2015B,654999.0,PSC 2015B
Tuzos 2015 Nava,646787.0,Tuzos 2015 Nava
Wolves 15B,555440.0,Wolves 15B
Tuzos Legacy 2015,598394.0,Tuzos Legacy 2015
Verde Valley United FC- U10 Boys,594010.0,Verde Valley United FC - U10 Boys
U9/U10 Hakes Excel,583508.0,U9/U10 Hakes Excel
Excel U9/U10Kaufmann,567200.0,Excel U9/U10Kaufmann
SFC AZ United Soccer Academy 15B,617039.0,SFC AZ United Soccer Academy 15B
15 Pre-MLS Next Tier #1,d37e215eab1f,15 Pre-MLS Next Tier #1
AZ Arsenal 14 Boys Teal CB,26b460f79b37,AZ Arsenal 14 Boys Teal CB
AZ Arsenal 14 Boys Teal CJB,aaf5150a2bff,AZ Arsenal 14 Boys Teal CJB
15B Hermanson,0e2a52747d2d,15B Hermanson
14B Hinds,12a5e77fb631,14B Hinds
AZ Arsenal 16 Boys Teal 1,c7ccdc12a244,AZ Arsenal 16 Boys Teal 1
14B Hermanson 1,8f91955341d5,14B Hermanson 1
15B Blue Montoya #1,862557d7ffad,15B Blue Montoya #1
15B Blue Arviso #1,f33bf97bf326,15B Blue Arviso #1
15B Bernal/Garza 2,27658e95a8eb,15B Bernal/Garza 2
15B Garza/Bernal 2,91330136e9b1,15B Garza/Bernal 2
14B GSA,d204831d51c1,14B GSA
Dynamos SC 14B SC,d49c5c86f65c,Dynamos SC 14B SC
14 Pre-MLSN #2,71f5a3acae0d,14 Pre-MLSN #2
PRFC Scottsdale 14B Pre-Academy,1d94d7c5304a,PRFC Scottsdale 14B Pre-Academy
Juaritos MX,018d1e1b8ce3,Juaritos MX
Arizona Brown's A,467cec276607,Arizona Brown's A
Huracan,360129acef75,Huracan
Excel Soccer Academy 14 Red,61c49560a795,Excel Soccer Academy 14 Red
2014 Tuzos Academy FV,40a7cfa15a93,2014 Tuzos Academy FV
Madison FC 14 Gold Boys Storm,489d6d7ece85,Madison FC 14 Gold Boys Storm
2014 Boys Red,50fd1fc3a90f,2014 Boys Red
Eastside FC B14 White,8b9f061ad359,Eastside FC B14 White
Next Level Soccer Northwest 2015 Boys Black,b5dc7f004beb,Next Level Soccer Northwest 2015 Boys Black
CCV STARS 15 Boys Orange PEO,13ca03bd20af,CCV STARS 15 Boys Orange PEO
PRFC North Valley 14B PreAcademy,aa435bec6b52,PRFC North Valley 14B PreAcademy
AZ Inferno 14 Boys Black,f4ad4696e7f2,AZ Inferno 14 Boys Black
AZ Arsenal 15 Boys Teal 1 JZ,4ed0d6ee6a3c,AZ Arsenal 15 Boys Teal 1 JZ
FC Hawaii 14B Red,8d0431f1f1dc,FC Hawaii 14B Red
15B Chacon,ebc0cb3c27af,15B Chacon
BVB 14B Puma (F: AYSES 14B Black),5c8719d8b1e2,BVB 14B Puma (F: AYSES 14B Black)
14B Velasco Pre-MLS Next,0462af897019,14B Velasco Pre-MLS Next
Albion SC Santa Ana B15 Academy,f3c935c7dac1,Albion SC Santa Ana B15 Academy
Excel Soccer Academy 14B Red,3881f0254c74,Excel Soccer Academy 14B Red
Playmaker Futbol Academy PRE-ECNL B14,c9a10ae0e1d7,Playmaker Futbol Academy PRE-ECNL B14
14B Velasco,494b1dcf903e,14B Velasco
East Valley NSFC 14 Boys Aguirre,f00948f71a70,East Valley NSFC 14 Boys Aguirre
CCV Stars 14 Boys South Pre-ECNL,59c621555d89,CCV Stars 14 Boys South Pre-ECNL
14 Cityzens,b40213a2d9b7,14 Cityzens
AZ Arsenal 14 Boys AYDP,1fc32603ff12,AZ Arsenal 14 Boys AYDP
Phoenix United 2014 Academy,d993fd45c2c5,Phoenix United 2014 Academy
Legends FC AZ 14B FC,97b3887a15a9,Legends FC AZ 14B FC
Next Level Soccer Northwest 2014 Boys,118237dc9880,Next Level Soccer Northwest 2014 Boys
CCV STARS 14 Boys Orange LAV,9e5c8b9db388,CCV STARS 14 Boys Orange LAV
14B JCFresquez Pre-MLS Next,239883be849b,14B JCFresquez Pre-MLS Next
14,8ed1e4be1ce6,14
Phoenix Premier FC 14B Black,54c287a49fcd,Phoenix Premier FC 14B Black
2014B West,77958c891b23,2014B West
CCV STARS 14 Boys Orange PEO,29267cdecc91,CCV STARS 14 Boys Orange PEO
PRFC Scottsdale 16B Predator,bdc47d477da8,PRFC Scottsdale 16B Predator
Legends FC AZ 15B Gold,f667d8f5b876,Legends FC AZ 15B Gold
Excel Soccer Academy 15 Red,e577a13eb80e,Excel Soccer Academy 15 Red
AZSC 14B Perez,8d097c22f114,AZSC 14B Perez
Idaho Rush 14 Blue,b2358bc862b9,Idaho Rush 14 Blue
Next Level Soccer Southeast 2014 Boys Red,fe54838dd4bb,Next Level Soccer Southeast 2014 Boys Red
Pre MLS NEXT Black '15,4a9f1a2e02d9,Pre MLS NEXT Black '15
Coppermine SC 2015 Boys Pre-Academy I,365721752dcc,Coppermine SC 2015 Boys Pre-Academy I
Las Vegas Sports Academy U10 Boys Red 2015,cf5e37cda873,Las Vegas Sports Academy U10 Boys Red 2015
Hawaii Rush 15B,329fe94138e3,Hawaii Rush 15B
Raiders FC 2015,0163475ccf5c,Raiders FC 2015
2014 Locomotive Blue,e35cd7d19c8a,2014 Locomotive Blue
Phoenix United 14 Elite,ed21a6b504a6,Phoenix United 14 Elite
AZ Arsenal Pre-ECNL B14,78f625b1f803,AZ Arsenal Pre-ECNL B14
B15 Elite,9bb2e893e61e,B15 Elite
Premier Touch FC IE B15,dd8471343cf4,Premier Touch FC IE B15
P2P Academy 2015,deedb474022b,P2P Academy 2015
FRAM B15 Pre Elite Academy,bd137adae78f,FRAM B15 Pre Elite Academy
2014B Claret,11c64b1cddaf,2014B Claret
Playmaker Futbol Academy 14B Gold,850cd697d9d6,Playmaker Futbol Academy 14B Gold
Atletico Tuzos Mesa 13/14,e53da2db77e5,Atletico Tuzos Mesa 13/14
AZSC 13B Sobek,2f9d38541fda,AZSC 13B Sobek
CCV Stars 13 Boys Orange SUR,7c3c74212edf,CCV Stars 13 Boys Orange SUR
CDO 13B Elite,111744711a9a,CDO 13B Elite
Philadelphia Union Junior Academy 2015,0ea67b2831c7,Philadelphia Union Junior Academy 2015
Black Conshy '15 (B),302c65f3bf14,Black Conshy '15 (B)
Las Vegas Sports Academy U11 Boys Red 2015,5a0744754610,Las Vegas Sports Academy U11 Boys Red 2015
Brazas 2014 Boys Black Marcos,991b6c686f0f,Brazas 2014 Boys Black Marcos
CCV STARS 14 Boys Navy LAV,cd90fd2f75ce,CCV STARS 14 Boys Navy LAV
Next Level Soccer Southeast 2014 Boys Blue,759b838f8c2a,Next Level Soccer Southeast 2014 Boys Blue
Legends FC AZ 14B Gold,b3f17ada6904,Legends FC AZ 14B Gold
BVBIA 14B North America,0009eb6b8e27,BVBIA 14B North America
B14 HR,7d780284681d,B14 HR
AZEV B2014 (NAVY),82a9577c27a7,AZEV B2014 (NAVY)
Central 14B Select I,b44eb74908f1,Central 14B Select I
AZSC 15B Navy,7d762e4acd5c,AZSC 15B Navy
2015B Pre-MLS,000d62dc4b95,2015B Pre-MLS
Next Level Soccer Southeast 2015 Boys Black,596a61176229,Next Level Soccer Southeast 2015 Boys Black
ELI7E FC- ELITE 2014,bb8fe505ab35,ELI7E FC- ELITE 2014
Next Level Soccer Southeast 2015 Boys Red,30b41f93d9ae,Next Level Soccer Southeast 2015 Boys Red
2014 Timbers Elite,06b7c229d08c,2014 Timbers Elite
ALBION SC Las Vegas B15 Academy I,aa18acacc48c,ALBION SC Las Vegas B15 Academy I
AZSC 14B Azanger,260f1304e6d4,AZSC 14B Azanger
AZ Arsenal 15 Boys Teal 1 OC,9f6aeb24a12c,AZ Arsenal 15 Boys Teal 1 OC
2014 Rush Boys,5cd59f701ef1,2014 Rush Boys
Amore 2014 Boys,0952dd32ca57,Amore 2014 Boys
2015 Elite,2c37a636d9e3,2015 Elite
B15 Academy I,f50acf4e1868,B15 Academy I
15 Black DW,d8576512255c,15 Black DW
PRFC Desert Foothills 16B Predator,2d30c5f970f0,PRFC Desert Foothills 16B Predator
AZ Arsenal 16 Boys Teal OC,5cb17351b478,AZ Arsenal 16 Boys Teal OC
EV-NSFC 15 Boys Perez(1),8d2e8a885597,EV-NSFC 15 Boys Perez(1)
15B Garza/Bernal-1,9429d85339e3,15B Garza/Bernal-1
Next Level Soccer Southeast 2015 Boys Green,e1479d117749,Next Level Soccer Southeast 2015 Boys Green
Next Level Soccer Northwest 2015 Boys Red,1308fa53a4b1,Next Level Soccer Northwest 2015 Boys Red
AZ Arsenal 15 Boys Teal 2 CC,cf2acd61324d,AZ Arsenal 15 Boys Teal 2 CC
BRUSA FC 2015/16,4c7e59c92d25,BRUSA FC 2015/16
FCDA 15B Pre - Academy,1d91be1be8d7,FCDA 15B Pre - Academy
Next Level Soccer Southeast 2015 Boys Blue,0bb2e41e17e3,Next Level Soccer Southeast 2015 Boys Blue
CCV STARS 15 Boys Orange SUR,5b14d2cf2b3b,CCV STARS 15 Boys Orange SUR
2015 Locomotive Blue,5bacace838ff,2015 Locomotive Blue
2015 Club Rayos,e37b405b3c60,2015 Club Rayos
SC Del Sol San Luis,d9d1f9038f86,SC Del Sol San Luis
Henderson LVSA '15B Black,4a99648144e3,Henderson LVSA '15B Black
16B GSA,bd191ac6f2d7,16B GSA
RSL-AZ South 15B Corral,9e354ef32238,RSL-AZ South 15B Corral
Atletico Tuzos Mesa 2015,d6c210c4e158,Atletico Tuzos Mesa 2015
Kingman SC B2015-Strikers,c5f10dfef2d7,Kingman SC B2015-Strikers
Phoenix 15/16B Blue,583a5494a88c,Phoenix 15/16B Blue
PRFC Southeast Valley 15B Copa,a6c691aa44c2,PRFC Southeast Valley 15B Copa
16B Mendez GSA,9f7ccd26133f,16B Mendez GSA
Eastside FC - B15 Blue,8940d979d1b6,Eastside FC - B15 Blue
Next Level Soccer Southeast 2016 Boys Black,ca938fe7d0b7,Next Level Soccer Southeast 2016 Boys Black
Mellindo FC 2015 A,f96b72a2c20a,Mellindo FC 2015 A
FC Deportivo AZ 2014B (Gallegos),3ecf8dc0f3eb,FC Deportivo AZ 2014B (Gallegos)
Las Vegas Sports Academy U11 Boys Black 2014,7e0154e405f4,Las Vegas Sports Academy U11 Boys Black 2014
NMSA 2015 Boys,9704a8dc633a,NMSA 2015 Boys
14B Engilman,e2399397aeb3,14B Engilman
2014 Boys Yellow,dade010e6930,2014 Boys Yellow
Corona B15 Aguirre,df3617f40d1a,Corona B15 Aguirre
2015B Locomotive EPPL Gallegos,9e616c467ff8,2015B Locomotive EPPL Gallegos
16B KChacon,a029d7b4bb38,16B KChacon
Real Arizona 2014,6f82e302022d,Real Arizona 2014
CCV STARS 14 Boys EAV,78da735473c6,CCV STARS 14 Boys EAV
RSL-AZ Yuma 14 Boys Quinonez,1f883f0684a7,RSL-AZ Yuma 14 Boys Quinonez
PRFC West Valley 14B Pre-Academy,83cd28bcc77d,PRFC West Valley 14B Pre-Academy
14B Castro Rueda,cd478e885521,14B Castro Rueda
CCV STARS 14 Boys White PEO,2d649576de14,CCV STARS 14 Boys White PEO
PRFC Scottsdale 14B Predator,acb8d01956d5,PRFC Scottsdale 14B Predator
Madison FC 2015 Boys Gold,256479046916,Madison FC 2015 Boys Gold
Phoenix Premier FC 14B White,589caf044939,Phoenix Premier FC 14B White
PRFC Southeast Valley 14B Pre-Academy,c635772a3ad7,PRFC Southeast Valley 14B Pre-Academy
Next Level Soccer Northwest 2015 Girls,2312a618739a,Next Level Soccer Northwest 2015 Girls
CCV STARS 15 Boys Navy PEO,df3b0ca8aa75,CCV STARS 15 Boys Navy PEO
AZEV B2014 (WHITE),26fb294aa673,AZEV B2014 (WHITE)
AZSC 2014B Azanger- Indoor Only,fe333b0e128b,AZSC 2014B Azanger- Indoor Only
15 Pre-MLS Next Tier #2,4d4bd49aef75,15 Pre-MLS Next Tier #2
15G Pre-ECNL Jeffers Royals,3b613cccd222,15G Pre-ECNL Jeffers Royals
2015B Locomotive EPPL J. Romero-LC,4e9c4e022378,2015B Locomotive EPPL J. Romero-LC
AZ Arsenal 16 Boys Teal DB,7a2bff1a0d80,AZ Arsenal 16 Boys Teal DB
PRFC North Valley 15B Copa,fa36c6ff8ab3,PRFC North Valley 15B Copa
PRFC Desert Foothills 14B Predator,db21f85e0db3,PRFC Desert Foothills 14B Predator
FC ARIZONA 14 GFC VELAZCO,d1f222b9f9d4,FC ARIZONA 14 GFC VELAZCO
EXCEL25WU11B1Lee,761aedf2d4b2,EXCEL25WU11B1Lee
2016 Boys (Pena),e9d61d4bdd95,2016 Boys (Pena)
PRFC Southeast Valley 14B Predator,0dea047984fa,PRFC Southeast Valley 14B Predator
Madison FC 14 Blue Boys,c73a16b64b34,Madison FC 14 Blue Boys
State 48 FC 15 Black,9403b864434d,State 48 FC 15 Black
State 48 FC 14 White,51bc3abe4cc3,State 48 FC 14 White
CCV STARS 14 Boys Navy SUR,1c12892a381b,CCV STARS 14 Boys Navy SUR
AZ Arsenal 14 Boys Teal 2 SC,1462dfd5a210,AZ Arsenal 14 Boys Teal 2 SC
14B Al,8442352aa3d0,14B Al
Atletico Tuzos Mesa 2014,c05c854ec747,Atletico Tuzos Mesa 2014
FC Elite Arizona 2014 Boys,cbcfc87ca844,FC Elite Arizona 2014 Boys
Excel Soccer Academy 14 Black,33a7fa8a7ca5,Excel Soccer Academy 14 Black
Hustle Hard 2014- Boys,616499ad9486,Hustle Hard 2014- Boys
FSC United 14 Boys,d18209c7ce2b,FSC United 14 Boys
PSG 14B Blue,b7e97f0ea096,PSG 14B Blue
14 Boys Navy,8571c9075aae,14 Boys Navy
Monsters 2014,42cf5a2ef7d4,Monsters 2014
PRFC West Valley 14B Predator,79df5b8aa641,PRFC West Valley 14B Predator
AZ Thundercats 2014,77e90e5d29d2,AZ Thundercats 2014
2014 Boys Blue,ccc5662803d4,2014 Boys Blue
East Valley NSFC 14 Boys Tiggs,2f127addbccb,East Valley NSFC 14 Boys Tiggs
Next Level Soccer Southeast 2014 Boys Green,418e1c9e12fe,Next Level Soccer Southeast 2014 Boys Green
15B Sanchez,e72972481ceb,15B Sanchez
15B Vyas,c1ccced7f884,15B Vyas
14B Blue #1,bb1c9cbb8ff4,14B Blue #1
15B Blue West #1,9dc3e7b270d3,15B Blue West #1
Argentina 14b,e281743c1db4,Argentina 14b
329 Rangers 14B,c162bed735f6,329 Rangers 14B
14B Blue #2,652e4e544468,14B Blue #2
2014B Felix Nogales,d37bd595a425,2014B Felix Nogales
14B Hermanson 2,c3a88da9ffa8,14B Hermanson 2
14B Moore,bb388eebf129,14B Moore
RSLAZ Southern Rayados Az 2015 Blue,7322cb829e26,RSLAZ Southern Rayados Az 2015 Blue
B15 Premier NK,1435b924b979,B15 Premier NK
2016B Locomotive EPPL Valcarcel-LC,5a1f04f57f72,2016B Locomotive EPPL Valcarcel-LC
AZSC 15B White,0aaa11a002e6,AZSC 15B White
CCV STARS 15 Boys LAV,c62b2f0972a9,CCV STARS 15 Boys LAV
Madison FC 2015 Boys Blue,c2ade777e7a2,Madison FC 2015 Boys Blue
Desert xolos,ef541b0003dc,Desert xolos
PRFC West Valley 15B Copa,31c5813020cc,PRFC West Valley 15B Copa
Synergy FC 15/16B,bcc1003b7940,Synergy FC 15/16B
State 48 FC Verrado 15/16 Black,b6c5d98bca20,State 48 FC Verrado 15/16 Black
Legends FC AZ 16B FC,9fb6ae937022,Legends FC AZ 16B FC
16B Midhaan,554a83f734e4,16B Midhaan
Sun Warriors 15/16 Boys Sixtos,647c5e261668,Sun Warriors 15/16 Boys Sixtos
Phoenix Premier FC 15B CG,3794284fb470,Phoenix Premier FC 15B CG
FC Arizona 15B Black GFC Cuevas U11,3c738e508624,FC Arizona 15B Black GFC Cuevas U11
14B E64 #2,34471ab8e5d0,14B E64 #2
NOS Santos 14 Boys White,b3bd742952b1,NOS Santos 14 Boys White
CCV STARS 15 Boys White PEO,f0d6fe01d989,CCV STARS 15 Boys White PEO
Kingman SC B14 McGill,761dc181c82c,Kingman SC B14 McGill
East Valley NSFC 15 Boys Klein,7b1a9386f1b0,East Valley NSFC 15 Boys Klein
BRAZAS FC 2015 Boys White,955bf127c3df,BRAZAS FC 2015 Boys White
FCDA 14B Academy,0518ac2361f0,FCDA 14B Academy
Pima Surf Academy Boys 14,51347f95ae36,Pima Surf Academy Boys 14
State 48 FC Verrado 15 White,b5dbbe86a501,State 48 FC Verrado 15 White
CDO 16B Premier,ebb7e32ecd18,CDO 16B Premier
CAC 14/15B (Conroy),f0d553b24db7,CAC 14/15B (Conroy)
Milan,ef5b7143c899,Milan
Empire 15B,d38881df162b,Empire 15B
15B Garza/Bernal-3,e71be2bb0d76,15B Garza/Bernal-3
RSLAZ Southern 15B Rayados White,431fb4449fb8,RSLAZ Southern 15B Rayados White
15B Blue East #1,e134c6289c6d,15B Blue East #1
RSLAZ Southern 15B Rayados Blue,208079ed8465,RSLAZ Southern 15B Rayados Blue
Tuzos Titanes 2014,e2d39eb90748,Tuzos Titanes 2014
AZ Arsenal 14 Boys Teal SC,21a7af7a53d3,AZ Arsenal 14 Boys Teal SC
AZ Arsenal 14 Boys Teal MC,492541b5cbbc,AZ Arsenal 14 Boys Teal MC
ALBION SC San Diego B15 academy IIII,dbab180b8363,ALBION SC San Diego B15 academy IIII
Alianza 2014 B black,526e11a4a4f9,Alianza 2014 B black
15B Tesensky,3af227505c12,15B Tesensky
AZ Arsenal 15 Boys Teal 2 BD,47695fd3564d,AZ Arsenal 15 Boys Teal 2 BD
15B Becerra,1c2a724d32b5,15B Becerra
15B Blue Bennett,d42ba2debd4f,15B Blue Bennett
15B Blue Arviso #2,f301f8da791a,15B Blue Arviso #2
City SC Central Valley AV-B2015,72dca770d394,City SC Central Valley AV-B2015
B2016 WH - Blue,bad80d0ff377,B2016 WH - Blue
BRAZAS FC 2015 Boys Black Pacifico,81bc323ad5e9,BRAZAS FC 2015 Boys Black Pacifico
Fallbrook Villa FC B2015 Blue,bafdc721c2fb,Fallbrook Villa FC B2015 Blue
2015B Locomotive EPPL Collopy,90ed331e3c49,2015B Locomotive EPPL Collopy
24/25 U10B Thunderbirds,7563f1132ee7,24/25 U10B Thunderbirds
CCV STARS 15 Boys Orange EAV,b47b6cfc2381,CCV STARS 15 Boys Orange EAV
15B Blue Montoya #2,99914e77e4ed,15B Blue Montoya #2
Blythe FC,a73f6af61b2b,Blythe FC
Next Level Soccer Northwest 2015 Girls Black,2f70e5324275,Next Level Soccer Northwest 2015 Girls Black
BVB IA LV 2015 Black,378e3c8fb23e,BVB IA LV 2015 Black
BVB International Academy - BVB15 - Black,bbd2f7b9a74b,BVB International Academy - BVB15 - Black
Prime FC 2015 Boys,6db04f4b138c,Prime FC 2015 Boys
16B Bernal,97228e4dde49,16B Bernal
Pima Surf Academy Boys 15/16,5a28d5ac06c8,Pima Surf Academy Boys 15/16
Douglas Cobras,19f15d875115,Douglas Cobras
CDO 15B Alliance,bbee79d4d7d5,CDO 15B Alliance
15B Blue 3rd #1,c8f3b7c4266e,15B Blue 3rd #1
2015/16B Valenzuela Nogales,4c0638b28143,2015/16B Valenzuela Nogales
Eliminators 2015 Yellow,43c516c860e7,Eliminators 2015 Yellow
PRFC North Valley 16B Predator,d36b7a9e4d2b,PRFC North Valley 16B Predator
Jaguares FC 2015,178b627423c7,Jaguares FC 2015
B15 Pre Academy,146e2c8f8094,B15 Pre Academy
CITY SC SW B16 Pre MLS MUR,2c455aa5dc77,CITY SC SW B16 Pre MLS MUR
B16 Elite,a5c148c31956,B16 Elite
Albion SC B15 Academy I,c5dc80877bc6,Albion SC B15 Academy I
B15 FC,64d560af4b5e,B15 FC
FCGS Force B2015 Black,048933fca81a,FCGS Force B2015 Black
15/16 Coed Lange,552a20453010,15/16 Coed Lange
Next Level Soccer Southeast 2016 Boys Blue,88e829cb2ca0,Next Level Soccer Southeast 2016 Boys Blue
Phoenix Premier FC 15B SW,9ddbe87543d9,Phoenix Premier FC 15B SW
LAFC 15 BOYS,3e78a87cd8ae,LAFC 15 BOYS
Phoenix United 17 Elite,7b78c33ed19a,Phoenix United 17 Elite
Kingman SC 2015-Gonzalez,677252483729,Kingman SC 2015-Gonzalez
Excel Soccer Academy 16 Red,3fc3a877c3c3,Excel Soccer Academy 16 Red
FC Elite Arizona 2015 Boys,e45756a66855,FC Elite Arizona 2015 Boys
CCV STARS 15 Boys Navy EAV,bcb857df5f30,CCV STARS 15 Boys Navy EAV
CCV STARS 14 Boys Navy PEO,ab6a4f65d650,CCV STARS 14 Boys Navy PEO
AZVV B2015 (NAVY),852bc5078de2,AZVV B2015 (NAVY)
PRFC Scottsdale 15B Gazelle,b04190489fa5,PRFC Scottsdale 15B Gazelle
Excel Soccer Academy 15B Black,668b59789340,Excel Soccer Academy 15B Black
Madison FC 15 White Boys,0a17b4b583ad,Madison FC 15 White Boys
2015/16 Boys,3e367c6356f5,2015/16 Boys
State 48 FC 16 Black,8d040727ccff,State 48 FC 16 Black
EV-NSFC 15 Boys Smith(3),42dc38b0f257,EV-NSFC 15 Boys Smith(3)
EV-NSFC 15 Boys Clifford(3),88eda9169905,EV-NSFC 15 Boys Clifford(3)
15B Summers,8fdf979bbd49,15B Summers
Rayitos Elite,2929b9a1da6a,Rayitos Elite
Flagstaff SC United 15 Boys,2c0c5af202d0,Flagstaff SC United 15 Boys
2014/15 Boys (Pena),6fd02a52df1c,2014/15 Boys (Pena)
AZSC 16B White,9e314bfd1760,AZSC 16B White
CCV STARS 15 Boys Navy SUR,6cd8d68491f3,CCV STARS 15 Boys Navy SUR
Allen U9/U10,8214916c70a2,Allen U9/U10
2015 Locomotive Gold,a9e5a54e2fbd,2015 Locomotive Gold
PRFC Scottsdale 14B Copa,caac9d387e07,PRFC Scottsdale 14B Copa
EXCEL24FallU9U10B3Klein,f5fc8059ae36,EXCEL24FallU9U10B3Klein
Brighton-Navy,33ac6d516d7e,Brighton-Navy
Arsenal-Forest Green,f18634c736c1,Arsenal-Forest Green
GRP QC U10B T01 Speth Maroon,372212ce435e,GRP QC U10B T01 Speth Maroon
GRP QC U10B T02 Evanson Orange,59a62c850dbb,GRP QC U10B T02 Evanson Orange
LV Heat Surf 15B Select White Henderson,e1dcb6f96425,LV Heat Surf 15B Select White Henderson
LAS VEGAS DIVERSITY FC '15 BOYS WHITE,fc69b60c0b84,LAS VEGAS DIVERSITY FC '15 BOYS WHITE
Nankatsu,264c43a8225d,Nankatsu
17B Albelais,4bce393cd428,17B Albelais
16B Albelais,0bbfbf8ebe15,16B Albelais
16B Blue Arviso #2,7e0fc4709010,16B Blue Arviso #2
16B Barrera,05f7330d3852,16B Barrera
RSLAZ Southern Rayados Az 2015 White,25e7b13ad20c,RSLAZ Southern Rayados Az 2015 White
BRAZAS FC 2015 Boys Gold,ff2ddd481e38,BRAZAS FC 2015 Boys Gold
2016 Boys Blue,9f5881a1f41b,2016 Boys Blue
16B Blue Montoya,238713be0be4,16B Blue Montoya
16B Wagner,827ebf1bed0c,16B Wagner
Deportivo Coras USA 2016 B,f6e0f00ba7bf,Deportivo Coras USA 2016 B
SFC XOLOS ARIZONA 2015B,aa4ed9e7790a,SFC XOLOS ARIZONA 2015B
NSFC 14 Boys Aguirre,b7542b7d4e40,NSFC 14 Boys Aguirre
REAL AZ,a3ed80502bb1,REAL AZ
VR 2015 Boys,11388bfb1f13,VR 2015 Boys
State 48 FC 15 Copper,856384dc11ab,State 48 FC 15 Copper
UAC 15B Academy,3960c82208ab,UAC 15B Academy
Tuzos Royals 2014,16a2d5adfd0b,Tuzos Royals 2014
Tuzos Mesa A,ed092a0aa4e8,Tuzos Mesa A
Tuzos Academy GTA 2016,947f9f2fefd3,Tuzos Academy GTA 2016
Tuzos Legends,5bf6e8d9ff68,Tuzos Legends
Tuzos Academy Mesa 2014,dda2edccc8e5,Tuzos Academy Mesa 2014
TFA-SELA B2015 Red,1d976e61cd2e,TFA-SELA B2015 Red
Real 2015 Boys National,a3b6081e47b3,Real 2015 Boys National
Utah United Academy 2015,270572fbcc43,Utah United Academy 2015
Valencia 2015 Black,9b88fa84e091,Valencia 2015 Black
Sting Attack B15 A Sarmiento Elite,f9de181011cb,Sting Attack B15 A Sarmiento Elite
St. Louis Scott Gallagher MO B 2015 Academy Green,43a352542bab,St. Louis Scott Gallagher MO B 2015 Academy Green
U-11 (2014) Boys Yuma,5aa0b9e68933,U-11 (2014) Boys Yuma
Sting Pre ECNL B15 O Reyes,4fcf3b4532c5,Sting Pre ECNL B15 O Reyes
XF B15 RCL1,f348077f3e4c,XF B15 RCL1
PRFC Southeast Valley 14B Predator-Central,f294a0123e84,PRFC Southeast Valley 14B Predator-Central
Players 15 Boys Junior Elite,58fa4952d351,Players 15 Boys Junior Elite
PRFC Desert Foothills 14B Pre-Academy,f60b3b56d661,PRFC Desert Foothills 14B Pre-Academy
Phoenix Premier FC 14B CG,cbdfe6bb317b,Phoenix Premier FC 14B CG
West Valley 2014 Boys Martinez Pre-Elite64,9dc8c94650a7,West Valley 2014 Boys Martinez Pre-Elite64
So Cal Eagles Boys 2014C,77b99289db2d,So Cal Eagles Boys 2014C
Yellow ,97644261313d,Yellow 
Legends FC AZ 15B FC,5c69a4071d3c,Legends FC AZ 15B FC
Santos 15B,1b2f2ae85809,Santos 15B
U-10 (2015) Boys Pre Academy,df1f941c716b,U-10 (2015) Boys Pre Academy
Vegas United ‘15 Boys Elite,ec425b8847e9,Vegas United ‘15 Boys Elite
West Valley 2015 Boys Valencia Pre-Elite 64,bf58c5c1e63b,West Valley 2015 Boys Valencia Pre-Elite 64
Tuzos Halcones 2014,7f606e418358,Tuzos Halcones 2014
Tuzos Royals 14 Pre-Academy,2165983665d7,Tuzos Royals 14 Pre-Academy
Phoenix United FC 2014 Premier,f4666cc145f8,Phoenix United FC 2014 Premier
U-10 (2015) Boys San Luis Blue,cb52801df60b,U-10 (2015) Boys San Luis Blue
Verde Valley United FC,5d8bc7ebd72b,Verde Valley United FC
Schneider Futsal Academy 2015,7a055324d318,Schneider Futsal Academy 2015
Southeast 2016 Boys Black,4deb3e64b0bb,Southeast 2016 Boys Black
Pre-ECNL RL B15,bf76e905ac94,Pre-ECNL RL B15
Select 14/15B Red,56d097715096,Select 14/15B Red
AZ United Soccer Academy 15B,ac24f8a9c01f,AZ United Soccer Academy 15B
Tuzos 2014 Nava,d98f43840160,Tuzos 2014 Nava
Scottsdale 14 Sandsharks Black,c0cd2be60166,Scottsdale 14 Sandsharks Black
Playmaker Futbol Academy 14B White,1f9a2ce232cb,Playmaker Futbol Academy 14B White
U-10 (2015) Boys San Luis,162679483961,U-10 (2015) Boys San Luis
Tuzos Mesa 2015,ef412c0abc22,Tuzos Mesa 2015
Select 14B,68995fde33e3,Select 14B
Tuzos Royals 14 Academy,2eb40d82fdd3,Tuzos Royals 14 Academy
U-10 (2015) Girls Pre Academy,bf67719d6b86,U-10 (2015) Girls Pre Academy
Players 15 Boys Junior Academy,49c50c6e9912,Players 15 Boys Junior Academy
NM Rapids ROMA 2015,a1ff684916ca,NM Rapids ROMA 2015
FC Sonora 14' B Dynamo,f5f5b75ac7ed,FC Sonora 14' B Dynamo
CDI AlFaEs 2015,66e834730592,CDI AlFaEs 2015
INVICTUS 2015,3ed80aee570d,INVICTUS 2015
Eagles F.C.,f3385f62c4c3,Eagles F.C.
Deportivo Mexico 14B,5996d7ee5626,Deportivo Mexico 14B
MVLA_NV 2015 Boys,141d2246c087,MVLA_NV 2015 Boys
White 2015,248635b15bcf,White 2015
B15 Black,09ecbc7499f2,B15 Black
Daybreak 15B Blue,625278bbdb69,Daybreak 15B Blue
EXCEL24FallU11B2Eggleston,8596bad7e52b,EXCEL24FallU11B2Eggleston
Rayitos 14B2,1ac263f32d68,Rayitos 14B2
ESC - Boys Chandler 15/16,a766f8745249,ESC - Boys Chandler 15/16
Vanguardia Cougars Hermosillo 2015,7a27bdf441ff,Vanguardia Cougars Hermosillo 2015
Club Campestre Juárez U10 Azul,742021be7fea,Club Campestre Juárez U10 Azul
VSC 2014 Boys White,07e6c15f8052,VSC 2014 Boys White
SC Union Cobras El Paso 2015,c5a60c0bc853,SC Union Cobras El Paso 2015
Vegas United ‘15 Boys Academy,12daa28bb7e7,Vegas United ‘15 Boys Academy
South Valley Soccer Club Scorpions,ccb57efa3e03,South Valley Soccer Club Scorpions
WMFC Highlanders 10U Coed (2015-17),098df790d0ed,WMFC Highlanders 10U Coed (2015-17)
EXCEL24FallU9U10B1Overlin,9f571e972fca,EXCEL24FallU9U10B1Overlin
Tuzos CR,16379c8251c4,Tuzos CR
Outlaws 2014B,53b2cb973bd1,Outlaws 2014B
Carlsbad B15 Premier - O’Mahoney,f87ff9f59cc6,Carlsbad B15 Premier - O’Mahoney
B15 Green,529c060de16c,B15 Green
SD Surf Academy Boys 2015 (Ericson),a90b213a0cef,SD Surf Academy Boys 2015 (Ericson)
Union Maricopa 2016 Net Ninjas Selects,c76fc79b123c,Union Maricopa 2016 Net Ninjas Selects
RSLAZ Southern 15B Rayados Red,c2af7dc5e919,RSLAZ Southern 15B Rayados Red
Worldwide Soccer Club B2015,67c11f757026,Worldwide Soccer Club B2015
El Paso Football Club U10 BLUE,a6ec4c761dbd,El Paso Football Club U10 BLUE
Club Inter B U10,a57dbc69959b,Club Inter B U10
La Piedad,29d1f8b7dc05,La Piedad
EV-NSFC 16 Boys Aguirre(1),cf5fcdac6cd7,EV-NSFC 16 Boys Aguirre(1)
Grey B2015,bb9218936501,Grey B2015
Magnifico FC B15P,c45ee1ab85c2,Magnifico FC B15P
TFA-SGV B2015,3b184f4c5576,TFA-SGV B2015
State 48 FC Laveen 15/16 Black,c5433eeb0cbb,State 48 FC Laveen 15/16 Black
WMFC Highlanders 10U Coed (15-17),2b4eeef9099a,WMFC Highlanders 10U Coed (15-17)
NM Rapids Durango 2015/2016 Blaze,63da2ba1fdbb,NM Rapids Durango 2015/2016 Blaze
TYSC U10 Boys Red,e794ed208ff9,TYSC U10 Boys Red
NM Rapids '16B Geckos,e7ea095a9b04,NM Rapids '16B Geckos
Three Lions FA,d81941bb9570,Three Lions FA
RSLAZ Southern Rayados Az 2015 Red,ce1f65cc18c1,RSLAZ Southern Rayados Az 2015 Red
The Big Green,5cedf20a3702,The Big Green
Las Vegas Elite FC B15 Black,4d0339e42dd6,Las Vegas Elite FC B15 Black
Rebels SC IE B15 Randolph,66fded6c3e2b,Rebels SC IE B15 Randolph
Synergy FC 15/16B Chapman,7d02189c2039,Synergy FC 15/16B Chapman
Allen,8e85f258f897,Allen
State 48 FC Verrado 16 Black,6776fd9c2ee4,State 48 FC Verrado 16 Black
ESC 2016,2c415764de1d,ESC 2016
Manchester United-Yellow,26c26fb8759e,Manchester United-Yellow
Newcastle-Green,27051823af62,Newcastle-Green
Manchester City-Neon Yellow,79b531e34b11,Manchester City-Neon Yellow
Tottenham-White,21fb787d2c0a,Tottenham-White
GRP QC U10B T05 Johnson Red,320604e13565,GRP QC U10B T05 Johnson Red
GRP QC U10B T04 Escarcega Navy,901e5cd49945,GRP QC U10B T04 Escarcega Navy
Vegas strong 2015,218ff4dc0918,Vegas strong 2015
VSC 2016 Boys Green,c16a69f9c632,VSC 2016 Boys Green
State 48 FC 17 Black,60dcdf03a651,State 48 FC 17 Black
Phoenix United 2016 Academy,fee9fa6ad448,Phoenix United 2016 Academy
Gila Valley Ninjas,146a780dba3c,Gila Valley Ninjas
Pumas Tucson 14B,04b8198b66b8,Pumas Tucson 14B
