gotsport_team_id,display_name,club,state,team_association_raw,region,country,age_group,gender
42158686,Ajax United 15B Academy Pre-MLS Next,Ajax United,CAN,CAN,4,USA,U11,M
42159050,Lightning 15 Black,San Juan Soccer Club,CAN,CAN,4,USA,U11,M
42158901,MVLA 15B Liverpool Blue,Mountain View Los Altos Soccer Club,CAN,CAN,4,USA,U11,M
42159441,CVFA 15B Academy,CV Futbol Academy,CAN,CAN,4,USA,U11,M
42159069,USA Stars Academy 15/16 B,USA Stars Academy,CAN,CAN,4,USA,U11,M
42158915,Burlingame SC 2015B Pre-MLS Next,Burlingame Soccer Club,CAN,CAN,4,USA,U11,M
42158483,Stockton Storm FC 2015 Boys Blue,Stockton Storm Futbol Club,CAN,CAN,4,USA,U11,M
42158863,Rocklin FC 15B Navy,Rocklin FC,CAN,CAN,4,USA,U11,M
42159427,ESJFC 15B Academy,East San Jose FC,CAN,CAN,4,USA,U11,M
42159348,Stockton TLJ FC 2015B RED,Stockton TLJ FC,CAN,CAN,4,USA,U11,M
42159143,Turlock Academica Jrs 15B Black,Turlock Academica Jrs,CAN,CAN,4,USA,U11,M
42159413,15B Red,Sacramento United,CAN,CAN,4,USA,U11,M
42158917,2015B Pre-MLS Next,Elk Grove Soccer,CAN,CAN,4,USA,U11,M
42158797,Lamorinda United 2015B Pre-MLS,Lamorinda SC,CAN,CAN,4,USA,U11,M
42158157,Placer United 15B Pre-ECNL,Placer United Soccer Club,CAN,CAN,4,USA,U11,M
42159432,Stanford Strikers 15B Pre ECNL RL,Stanford Strikers FC,CAN,CAN,4,USA,U11,M
42158840,AC Marin Boys 2015 Black,AC Marin,CAN,CAN,4,USA,U11,M
42158986,Alameda SC Islanders 15B Red,Alameda Soccer Club,CAN,CAN,4,USA,U11,M
42158807,Marin FC B15Blue,Marin FC,CAN,CAN,4,USA,U11,M
42159004,Roseville SC 2015B Green,Roseville Youth Soccer Club,CAN,CAN,4,USA,U11,M
42158836,Mustang SC 15B Pre-ECNL,Mustang Soccer,CAN,CAN,4,USA,U11,M
42159060,North Coast FC 15B Blue,North Coast Futbol Club,CAN,CAN,4,USA,U11,M
42159135,15B Red,Sunnyvale Alliance SC,CAN,CAN,4,USA,U11,M
42158768,LSC 2015B - Gold (Rangers),Loomis Youth Soccer Club,CAN,CAN,4,USA,U11,M
42159440,CVFA 15B Academy II,CV Futbol Academy,CAN,CAN,4,USA,U11,M
42159205,Valley Surf 15B Pre-ECNL II,Valley Surf | America,CAN,CAN,4,USA,U11,M
42158806,1974 NFC 2015B Pre-ECNL,1974 Newark FC,CAN,CAN,4,USA,U11,M
42158823,Davis Legacy 15B Red,Davis Legacy Soccer Club,CAN,CAN,4,USA,U11,M
42159336,JSC 15B Black,JSC Soccer Club,CAN,CAN,4,USA,U11,M
42158622,ECFC 15B Black Pre-ECNL,Monterey County Soccer-ECFC Salinas,CAN,CAN,4,USA,U11,M
42159310,Mexico 15 Elite,Ceres Rush,CAN,CAN,4,USA,U11,M
42158953,Santa Clara Sporting 15B Green,Santa Clara Sporting,CAN,CAN,4,USA,U11,M
42159400,Hughson United 2015B,Hughson United,CAN,CAN,4,USA,U11,M
42159159,Dnamo FC Cruzeiro,Dnamo FC,CAN,CAN,4,USA,U11,M
42159015,2015B Pre-ECNL,Los Gatos United Soccer Club,CAN,CAN,4,USA,U11,M
42158769,Blues 15B Navy,Blues FC,CAN,CAN,4,USA,U11,M
42158832,Yuba Elite FC 15B Gold,Yuba Elite FC,CAN,CAN,4,USA,U11,M
42158978,Burlingame SC 2015B Gray,Burlingame Soccer Club,CAN,CAN,4,USA,U11,M
42159245,Solano Surf 15B Blue,Solano Surf,CAN,CAN,4,USA,U11,M
42158597,Benicia Arsenal 2015 Boys (Black),Benicia Soccer,CAN,CAN,4,USA,U11,M
42158838,VUSC 2015 Boys Premier,Vacaville United Soccer Club,CAN,CAN,4,USA,U11,M
42158959,Bayern,Atletico Santa Rosa,CAN,CAN,4,USA,U11,M
42159258,Monterey Surf 15B Academy I,Monterey Surf Soccer Club,CAN,CAN,4,USA,U11,M
42163398,NINJA West Jrs.,NINJA West Football Academy,CAN,CAN,4,USA,U11,M
42158880,FCA 15B Blue,Football Club Alliance,CAN,CAN,4,USA,U11,M
42159073,SF United B15 Lobos Pre ECNL RL,SF United FC,CAN,CAN,4,USA,U11,M
42158745,ALBION SC Merced B15 Pre-MLS NEXT,ALBION SC Merced,CAN,CAN,4,USA,U11,M
42158817,BUSC 2015B Black,Butte United Soccer Club,CAN,CAN,4,USA,U11,M
42158479,Lincoln FC 15B Blue,Lincoln FC,CAN,CAN,4,USA,U11,M
42158831,AC Marin Boys 2015 White,AC Marin,CAN,CAN,4,USA,U11,M
42175510,South Valley United B15 Black,South Valley United Soccer Club,CAN,CAN,4,USA,U11,M
42158882,15B Pre-ECNL RL,Clovis Crossfire ,CAN,CAN,4,USA,U11,M
42158828,PV United 15B,Pajaro Valley Youth Soccer Club,CAN,CAN,4,USA,U11,M
42159375,Elk Grove United SC 15B Premier JM,Elk Grove United SC,CAN,CAN,4,USA,U11,M
42159299,Legends SC 15B-A,Legends SC Sacramento,CAN,CAN,4,USA,U11,M
42159411,15B Black,Sacramento United,CAN,CAN,4,USA,U11,M
42158654,Mustang SC Man City 15M,Mustang Soccer,CAN,CAN,4,USA,U11,M
42158936,Valley United 15B White,Scotts Valley San Lorenzo Valley Youth Soccer Club,CAN,CAN,4,USA,U11,M
42163687,B15 Academy I,ALBION SC Silicon Valley,CAN,CAN,4,USA,U11,M
42159024,Diablo Valley FC 15B Delta,Diablo Valley Futbol Club,CAN,CAN,4,USA,U11,M
42159286,UC Premier 2015B Red,UC Premier,CAN,CAN,4,USA,U11,M
42158760,South Valley United B15 White,South Valley United Soccer Club,CAN,CAN,4,USA,U11,M
42158621,2015 Boys Blue,Earthquakes - East Valley,CAN,CAN,4,USA,U11,M
42158685,Elite Green 15,Granite Bay FC,CAN,CAN,4,USA,U11,M
42159452,2015B Pre-MLS 2,Bay Area Surf,CAN,CAN,4,USA,U11,M
42159101,BUSC 2015 Premier,Ballistic United,CAN,CAN,4,USA,U11,M
42159058,Walnut Creek Surf 15B White,Walnut Creek Surf Soccer Club,CAN,CAN,4,USA,U11,M
42159360,Cal Magic 2015B East,California Magic Soccer Club,CAN,CAN,4,USA,U11,M
42159051,Lightning 15 Teal,San Juan Soccer Club,CAN,CAN,4,USA,U11,M
42159412,15B White,Sacramento United,CAN,CAN,4,USA,U11,M
42158111,Little Knights,North Bay Premier Club,CAN,CAN,4,USA,U11,M
42158822,Davis Legacy 15B White,Davis Legacy Soccer Club,CAN,CAN,4,USA,U11,M
42159025,Diablo Valley FC 15B Delta 2,Diablo Valley Futbol Club,CAN,CAN,4,USA,U11,M
42176873,SC Pro Soccer Academy 2015B Team 1,SC Pro Soccer,CAN,CAN,4,USA,U11,M
42158958,Palo Alto SC 15B Pre-MLS NEXT,Palo Alto SC,CAN,CAN,4,USA,U11,M
42158610,24 APSC 2015B Arsenal,Arden Park Soccer Club,CAN,CAN,4,USA,U11,M
42158699,San Ramon FC 15B Pre ECNL-RL,San Ramon FC,CAN,CAN,4,USA,U11,M
42158866,Rocklin FC 15B White,Rocklin FC,CAN,CAN,4,USA,U11,M
42158979,Burlingame SC 2015B Black,Burlingame Soccer Club,CAN,CAN,4,USA,U11,M
42158599,2015 Boys Red,Clippers FC,CAN,CAN,4,USA,U11,M
42159252,Greenhaven SC 15B,Greenhaven Soccer Club,CAN,CAN,4,USA,U11,M
42159176,HYSL Premier Elite 15B Blue,Hayward Youth Soccer League,CAN,CAN,4,USA,U11,M
42175837,APSC 2015B Arsenal,Arden Park Soccer Club,CAN,CAN,4,USA,U11,M
42158805,Madera United FC 15B Zapata,Madera United Futbol Club,CAN,CAN,4,USA,U11,M
42159142,ABSC Lightning Thunder 2015B,Albany Berkeley Soccer Club,CAN,CAN,4,USA,U11,M
42159275,COSC Pre-ECNL B15 I,California Odyssey Soccer Club,CAN,CAN,4,USA,U11,M
42158158,Placer United 15B Gold,Placer United Soccer Club,CAN,CAN,4,USA,U11,M
42159334,Blackhawks 15,Capital Valley Futbol Club,CAN,CAN,4,USA,U11,M
42159421,15/16,Los Banos Valley Soccer Club,CAN,CAN,4,USA,U11,M
42158293,B2015 EA2,FC Golden State,CAN,CAN,4,USA,U11,M
42159555,Napa United Pre-Academy 15B Pre-MLS Next,Napa United,CAN,CAN,4,USA,U11,M
42158774,SANTA CRUZ SHARKS 15 BLUE,Santa Cruz City Soccer Club,CAN,CAN,4,USA,U11,M
42159300,Legends SC 15B-B,Legends SC Sacramento,CAN,CAN,4,USA,U11,M
42158960,Dortmund,Atletico Santa Rosa,CAN,CAN,4,USA,U11,M
42158658,Mustang SC 15B Elite II,Mustang Soccer,CAN,CAN,4,USA,U11,M
42159048,Breakers 15B Purple,Ross Valley Breakers FC,CAN,CAN,4,USA,U11,M
42162680,Water Futbol Farm,Hanford Youth Soccer League,CAN,CAN,4,USA,U11,M
42158533,Mustang SC 15B Elite I,Mustang Soccer,CAN,CAN,4,USA,U11,M
42158967,Sheriffs FC 2015B Pre-ECNL,Sheriffs FC,CAN,CAN,4,USA,U11,M
42159057,Walnut Creek Surf 15B Blue,Walnut Creek Surf Soccer Club,CAN,CAN,4,USA,U11,M
42159127,Ajax United 15B White Pre-MLS II,Ajax United,CAN,CAN,4,USA,U11,M
42159359,Mt. Diablo Mustang 2015B White,Mt Diablo Mustang Soccer,CAN,CAN,4,USA,U11,M
42169635,SC LIONS 2015B RED,Santa Clara Youth Soccer League,CAN,CAN,4,USA,U11,M
42158907,Castro Valley SC CVSC United 2015 Boys Green,Castro Valley Soccer Club,CAN,CAN,4,USA,U11,M
42159033,Livingston Fuego FC 15B,Livingston Fuego,CAN,CAN,4,USA,U11,M
42158872,Fusion SC Pre ECNL RL B15,Livermore Fusion SC,CAN,CAN,4,USA,U11,M
42158864,City SC Kings County B2015,City SC Kings County,CAN,CAN,4,USA,U11,M
42159215,SF Seals 15B Black,San Francisco Seals,CAN,CAN,4,USA,U11,M
42158159,Placer United 15B Black,Placer United Soccer Club,CAN,CAN,4,USA,U11,M
42158605,North Marin United 15 Boys Intrepid,North Marin United,CAN,CAN,4,USA,U11,M
42158947,Alliance 2015B Navy,Eastshore Alliance FC,CAN,CAN,4,USA,U11,M
42158919,2015B Platinum 1,Elk Grove Soccer,CAN,CAN,4,USA,U11,M
42159079,Kaos 2015B Blue Rivera,Atwater Kaos Futbol Club,CAN,CAN,4,USA,U11,M
42159254,WESCO 15B Blue - Wildcats,WESCO United,CAN,CAN,4,USA,U11,M
42159161,Central Coast FC 15Black,Real Atletico Futbol Club,CAN,CAN,4,USA,U11,M
42158875,FLS 15B Premier I,Folsom Lake Surf,CAN,CAN,4,USA,U11,M
42159345,WSC 15B Orange,Woodland Soccer Club,CAN,CAN,4,USA,U11,M
42159034,Lobitos S.C. - Jaguares-15B,Lobitos Soccer Club,CAN,CAN,4,USA,U11,M
42159340,South San Jose 15B Blue,South San Jose Soccer League,CAN,CAN,4,USA,U11,M
42159066,SVU Boys 15 Green,Sonoma Valley United,CAN,CAN,4,USA,U11,M
42159556,Napa United Pre-Academy 15B Elite l,Napa United,CAN,CAN,4,USA,U11,M
42159102,BUSC 2015 Elite 1,Ballistic United,CAN,CAN,4,USA,U11,M
42159363,Valley United 15 Boys Orange-RR,Valley United Soccer Club Association,CAN,CAN,4,USA,U11,M
42159447,15B White,San Jose Rush,CAN,CAN,4,USA,U11,M
42159027,Elite B15,Central Valley Premier FC,CAN,CAN,4,USA,U11,M
42163697,2015 - Boys Blue,Galt Futbol Club,CAN,CAN,4,USA,U11,M
42159155,FSC15B Spartans,Fruitridge Soccer Club,CAN,CAN,4,USA,U11,M
42158000,City SC Central Valley AV-B2015,City SC Central Valley,CAN,CAN,4,USA,U11,M
42158971,IR Academy 15B White,IR Academy,CAN,CAN,4,USA,U11,M
42158489,2015 Boys White,Clippers FC,CAN,CAN,4,USA,U11,M
42158989,Burlingame SC 2015B Navy,Burlingame Soccer Club,CAN,CAN,4,USA,U11,M
42160821,Force 15B Elite,De Anza Force,CAN,CAN,4,USA,U11,M
42158860,Revolution 15B Blue,Revolution FC,CAN,CAN,4,USA,U11,M
42158859,COSC Pre-ECNL RL B15,California Odyssey Soccer Club,CAN,CAN,4,USA,U11,M
42159332,Eagles Black 15B,San Bruno Lowen 83,CAN,CAN,4,USA,U11,M
42158891,Castro Valley SC CVSC United 2015 Boys Yellow,Castro Valley Soccer Club,CAN,CAN,4,USA,U11,M
42158632,Marin FC B15Red,Marin FC,CAN,CAN,4,USA,U11,M
42164294,La Masia U10,La Masia Athletic Club,CAN,CAN,4,USA,U11,M
42159342,15B Blue,Sacramento Alliance SC,CAN,CAN,4,USA,U11,M
42158697,15B Blue,Azzurri FC,CAN,CAN,4,USA,U11,M
42159022,Force 15B Elite II,De Anza Force,CAN,CAN,4,USA,U11,M
42158903,MVLA 15B Liverpool Green,Mountain View Los Altos Soccer Club,CAN,CAN,4,USA,U11,M
42159092,CCSA 2015B Premier,Central California Soccer Alliance,CAN,CAN,4,USA,U11,M
42159064,San Juan South SC 2015-16 Boys Elite,San Juan South Soccer Club,CAN,CAN,4,USA,U11,M
42176832,2015B Pre-MLS II,Bay Area Surf,CAN,CAN,4,USA,U11,M
42158825,Real Inmortales,Real Sacramento Futbol Club,CAN,CAN,4,USA,U11,M
42158237,North Coast FC 15B Red,North Coast Futbol Club,CAN,CAN,4,USA,U11,M
42158460,IR Academy 15B Purple,IR Academy,CAN,CAN,4,USA,U11,M
42163711,San Jose Rush 15B Academy,San Jose Rush,CAN,CAN,4,USA,U11,M
42159270,ECFC 15B White,Monterey County Soccer-ECFC Salinas,CAN,CAN,4,USA,U11,M
42159289,2015B Black,OV Toros FC,CAN,CAN,4,USA,U11,M
42158800,2015B Atletico Canarios,Atletico United FC,CAN,CAN,4,USA,U11,M
42159236,LODI FC 15B,Lodi FC,CAN,CAN,4,USA,U11,M
42159178,United Silicon Valley 15B Red,AYSO United Silicon Valley,CAN,CAN,4,USA,U11,M
42158902,MVLA 15B Liverpool White,Mountain View Los Altos Soccer Club,CAN,CAN,4,USA,U11,M
42159230,Valley Surf 15B Pre-ECNL I,Valley Surf | America,CAN,CAN,4,USA,U11,M
42158231,Revolution 15B Grey,Revolution FC,CAN,CAN,4,USA,U11,M
42174078,Dnamo FC 2015 City,Dnamo FC,CAN,CAN,4,USA,U11,M
42159126,Ajax United 15B Black,Ajax United,CAN,CAN,4,USA,U11,M
42158612,Peninsula SC Fire Blue 15B,Peninsula Youth Soccer,CAN,CAN,4,USA,U11,M
42159164,Santa Rosa United 15B Gold,Santa Rosa United Soccer,CAN,CAN,4,USA,U11,M
42159071,U11 Union FC 15B JDP,Union Sacramento FC,CAN,CAN,4,USA,U11,M
42159295,Ravenswood SC B15/16 Jaguars,Ravenswood Juniors Soccer Club,CAN,CAN,4,USA,U11,M
42159378,Elk Grove United SC 15B Premier WA,Elk Grove United SC,CAN,CAN,4,USA,U11,M
42159347,Stockton TLJ FC 15 white,Stockton TLJ FC,CAN,CAN,4,USA,U11,M
42160372,ESJFC 15B White,East San Jose FC,CAN,CAN,4,USA,U11,M
42158772,Atchison Village Lightning Force 2015B,Albany Berkeley Soccer Club,CAN,CAN,4,USA,U11,M
42159277,SF Glens Academy 15B Pre-MLS II Celtic,San Francisco Glens Soccer Club,CAN,CAN,4,USA,U11,M
42158916,ABSC Lightning Bolts 2015B,Albany Berkeley Soccer Club,CAN,CAN,4,USA,U11,M
42159383,2015B Blue,Santa Cruz United Football Club,CAN,CAN,4,USA,U11,M
42158793,Dublin United 15B Green,Dublin United,CAN,CAN,4,USA,U11,M
42161468,SC Pro Soccer Academy 2015B Team 2,SC Pro Soccer,CAN,CAN,4,USA,U11,M
42159234,West Coast Wildfires '15,West Coast Soccer,CAN,CAN,4,USA,U11,M
42158123,1974 NFC 2015B Orange,1974 Newark FC,CAN,CAN,4,USA,U11,M
42159420,Quakes Lightning Black 2015B,Albany Berkeley Soccer Club,CAN,CAN,4,USA,U11,M
42159103,BUSC 2015 Elite 2,Ballistic United,CAN,CAN,4,USA,U11,M
42159311,Mexico 2015 Black,Ceres Rush,CAN,CAN,4,USA,U11,M
42159358,Mt. Diablo Mustang 2015B Red,Mt Diablo Mustang Soccer,CAN,CAN,4,USA,U11,M
42163767,NINJA West Little Lion,NINJA West Football Academy,CAN,CAN,4,USA,U11,M
42159325,South Valley Chivas 2015 Navy,South Valley Chivas Academy,CAN,CAN,4,USA,U11,M
42159444,San Jose Rush 16B Academy,San Jose Rush,CAN,CAN,4,USA,U11,M
42158939,15B Pre NPL,Bay Area Surf,CAN,CAN,4,USA,U11,M
42175376,Ceres Rush Roma CDP Red 2015,Ceres Rush,CAN,CAN,4,USA,U11,M
42160163,B15 Academy,ALBION SC Silicon Valley,CAN,CAN,4,USA,U11,M
42162625,Latinos Soccer Club 15A,Latinos Soccer Club,CAN,CAN,4,USA,U11,M
42159279,SF Glens Academy 15B Pre-MLS II Saints,San Francisco Glens Soccer Club,CAN,CAN,4,USA,U11,M
42158703,Mustang SC Tigers 15M,Mustang Soccer,CAN,CAN,4,USA,U11,M
42158918,2015B Pre-MLS Next Academy,Elk Grove Soccer,CAN,CAN,4,USA,U11,M
42159317,West Coast Tsunami '15,West Coast Soccer Tracy,CAN,CAN,4,USA,U11,M
42162728,San Jose Rush 15B Blue,San Jose Rush,CAN,CAN,4,USA,U11,M
42158856,Manteca Futbol Club 15B Red,MANTECA FUTBOL CLUB,CAN,CAN,4,USA,U11,M
42158614,Marin FC B15Steel,Marin FC,CAN,CAN,4,USA,U11,M
42158865,City SC Kings County B2015 (Blue),City SC Kings County,CAN,CAN,4,USA,U11,M
42158995,Almaden FC Mercury B15 Green,Almaden FC,CAN,CAN,4,USA,U11,M
42159290,2015B Red,OV Toros FC,CAN,CAN,4,USA,U11,M
42158027,Turlock Sports Park FC 2015 Boys Gold,TSP FC,CAN,CAN,4,USA,U11,M
42159077,WSC Crush 15 Boys Black,WSC Crush,CAN,CAN,4,USA,U11,M
42158861,Revolution 15B Yellow,Revolution FC,CAN,CAN,4,USA,U11,M
42159404,Gavilanes 2015,Real Salinas,CAN,CAN,4,USA,U11,M
42158877,FLS 15B Premier III,Folsom Lake Surf,CAN,CAN,4,USA,U11,M
42158432,CVSJ 15B Ultras,Central Valley San Jose SC,CAN,CAN,4,USA,U11,M
42159435,Stanford Strikers 15B Red South,Stanford Strikers FC,CAN,CAN,4,USA,U11,M
42159207,Valley Surf 15B Academy II,Valley Surf | America,CAN,CAN,4,USA,U11,M
42159059,Walnut Creek Surf 15B Black,Walnut Creek Surf Soccer Club,CAN,CAN,4,USA,U11,M
42159132,Belmont United 15B Sounders Green,Belmont United Soccer Club,CAN,CAN,4,USA,U11,M
42158348,Santa Rosa Empire SC 15B Thunder,Santa Rosa Empire Soccer Club,CAN,CAN,4,USA,U11,M
42159337,JSC 15B White,JSC Soccer Club,CAN,CAN,4,USA,U11,M
42158975,2015B Alliance - Lee Knights Squires,Mt Diablo Mustang Soccer,CAN,CAN,4,USA,U11,M
42159028,Lemoore B15,Central Valley Premier FC,CAN,CAN,4,USA,U11,M
42159410,15B Gray,Sacramento United,CAN,CAN,4,USA,U11,M
42159322,TAHUICHI F.C. 2015B-RED,Tahuichi F.C. Youth Soccer,CAN,CAN,4,USA,U11,M
42159206,Valley Surf 15B Academy I,Valley Surf | America,CAN,CAN,4,USA,U11,M
42158821,Davis Legacy 15B Black,Davis Legacy Soccer Club,CAN,CAN,4,USA,U11,M
42159398,Audax 2015B Orange,Audax Soccer Club,CAN,CAN,4,USA,U11,M
42158542,Lincoln FC 15B White,Lincoln FC,CAN,CAN,4,USA,U11,M
42162685,SV6 2015B,SV6 Sports,CAN,CAN,4,USA,U11,M
42159443,San Jose Rush 16B Elite,San Jose Rush,CAN,CAN,4,USA,U11,M
42159239,Bay Oaks 2015B Premier,East Bay United,CAN,CAN,4,USA,U11,M
42159323,SC LIONS 2015B BLACK,Santa Clara Youth Soccer League,CAN,CAN,4,USA,U11,M
42158700,San Ramon FC 15B Navy,San Ramon FC,CAN,CAN,4,USA,U11,M
42160162,B15 Premier,ALBION SC Silicon Valley,CAN,CAN,4,USA,U11,M
42158729,AAYSA Golden Tiger 15B Team,Ace Athletics Youth Soccer Academy,CAN,CAN,4,USA,U11,M
42158064,Roseville SC 2015B White,Roseville Youth Soccer Club,CAN,CAN,4,USA,U11,M
42159052,Lightning 15 White,San Juan Soccer Club,CAN,CAN,4,USA,U11,M
42159356,Elk Grove United SC 15B Premier VQ,Elk Grove United SC,CAN,CAN,4,USA,U11,M
42159249,Natomas FA 15B Academy,Natomas FA,CAN,CAN,4,USA,U11,M
42158991,Sonoma County Premier 2015 Boys Black,Sonoma County Premier,CAN,CAN,4,USA,U11,M
42158994,Almaden FC 15B Pre-MLS Next,Almaden FC,CAN,CAN,4,USA,U11,M
42158983,Burlingame SC 2015B Yellow,Burlingame Soccer Club,CAN,CAN,4,USA,U11,M
42158876,FLS 15B Premier II,Folsom Lake Surf,CAN,CAN,4,USA,U11,M
42158775,SANTA CRUZ SHARKS 15 WHITE,Santa Cruz City Soccer Club,CAN,CAN,4,USA,U11,M
42159434,Stanford Strikers 15B Red,Stanford Strikers FC,CAN,CAN,4,USA,U11,M
42159428,Alliance FC Wolf Pack 15,Alliance FC,CAN,CAN,4,USA,U11,M
42163361,Burlingame SC 2015B Orange,Burlingame Soccer Club,CAN,CAN,4,USA,U11,M
42159301,MVSC Fusion 2015,Mill Valley Soccer Club,CAN,CAN,4,USA,U11,M
42159384,2015B Gray,Santa Cruz United Football Club,CAN,CAN,4,USA,U11,M
42158626,Pacifica United SC B2015 Blue,Pacifica United Soccer Club,CAN,CAN,4,USA,U11,M
42159003,Roseville SC 2015B Black,Roseville Youth Soccer Club,CAN,CAN,4,USA,U11,M
42158980,Burlingame SC 2015B White,Burlingame Soccer Club,CAN,CAN,4,USA,U11,M
42159390,Cupertino FC Flames 15B Blue,Cupertino FC,CAN,CAN,4,USA,U11,M
42159046,Lobitos S.C.-Legado FC-2015,Lobitos Soccer Club,CAN,CAN,4,USA,U11,M
42159389,Cupertino FC Flames 15B,Cupertino FC,CAN,CAN,4,USA,U11,M
42159545,EFC 2015,Emerald Football Club,CAN,CAN,4,USA,U11,M
42175941,Stockton Storm FC 2015 Boys Blue,Stockton Storm Futbol Club,CAN,CAN,4,USA,U11,M
42158405,South Valley Chivas 15B,South Valley Chivas Academy,CAN,CAN,4,USA,U11,M
42158895,24 - Eclipse 2015 Boys Solar Red,East Bay Eclipse Soccer Club,CAN,CAN,4,USA,U11,M
42159331,15B_Black,Half Moon Bay Soccer Club,CAN,CAN,4,USA,U11,M
42158946,Alliance 2015B Orange,Eastshore Alliance FC,CAN,CAN,4,USA,U11,M
42158879,FCA 15B White,Football Club Alliance,CAN,CAN,4,USA,U11,M
42159053,Fusion SC 2015 Boys Gold,Livermore Fusion SC,CAN,CAN,4,USA,U11,M
42161503,Delhi FC 15B Salazar,Delhi Futbol Club,CAN,CAN,4,USA,U11,M
42161503,Delhi FC 15B Salazar,Delhi Futbol Club,CAN,CAN,4,USA,U11,M
42159308,Dnamo FC Manchester 2015B,Dnamo FC,CAN,CAN,4,USA,U11,M
42163669,Mexico 2015,Ceres Rush,CAN,CAN,4,USA,U11,M
42158972,SFEA 2015B PRE-ECNL I,SF Elite,CAN,CAN,4,USA,U11,M
42159131,Belmont United 15B Sounders Blue,Belmont United Soccer Club,CAN,CAN,4,USA,U11,M
42158990,Burlingame SC 2015B Red,Burlingame Soccer Club,CAN,CAN,4,USA,U11,M
42158945,Alliance 2015B Red,Eastshore Alliance FC,CAN,CAN,4,USA,U11,M
42159031,Tecos Evolution,Tecos Hayward Soccer Club,CAN,CAN,4,USA,U11,M
42158957,Palo Alto SC 15B Pre-MLS NEXT 2,Palo Alto SC,CAN,CAN,4,USA,U11,M
42159160,Dnamo FC Napoli,Dnamo FC,CAN,CAN,4,USA,U11,M
42158584,San Carlos United SC 15B Gray,San Carlos United Soccer Club,CAN,CAN,4,USA,U11,M
42158996,Almaden FC Mercury B15 Black,Almaden FC,CAN,CAN,4,USA,U11,M
42159076,Corte Madera FC Boys Red 2015,Corte Madera Football Club,CAN,CAN,4,USA,U11,M
42159210,Red Star 15B Red,Red Star Soccer Academy,CAN,CAN,4,USA,U11,M
42159557,Napa United Pre-Academy 15B Elite II,Napa United,CAN,CAN,4,USA,U11,M
42159408,SMC Seals 14/15B Academy,San Mateo County FC,CAN,CAN,4,USA,U11,M
42158795,NV/SJ United 15B Green,North Valley Youth Soccer League,CAN,CAN,4,USA,U11,M
42159377,AYSO United Bay Area 2015 Boys Red,AYSO United Bay Area,CAN,CAN,4,USA,U11,M
42158968,Sheriffs FC 2015B Yellow,Sheriffs FC,CAN,CAN,4,USA,U11,M
42159291,SF Seals 15B Red,San Francisco Seals,CAN,CAN,4,USA,U11,M
42158905,MVLA 15B Liverpool Gold,Mountain View Los Altos Soccer Club,CAN,CAN,4,USA,U11,M
42163645,OYSC 2015B Black,Oakley Youth Soccer Club,CAN,CAN,4,USA,U11,M
42158623,ECFC 15B Green,Monterey County Soccer-ECFC Salinas,CAN,CAN,4,USA,U11,M
42159357,Mt. Diablo Mustang 2015B Black,Mt Diablo Mustang Soccer,CAN,CAN,4,USA,U11,M
42159312,VALUSC 2015 Boys,Vallejo United Soccer Club,CAN,CAN,4,USA,U11,M
42159407,OYSC West 15B,Oakley Youth Soccer Club,CAN,CAN,4,USA,U11,M
42159044,Pacifica United SC B2015 White,Pacifica United Soccer Club,CAN,CAN,4,USA,U11,M
42159433,Stanford Strikers 15B Grey,Stanford Strikers FC,CAN,CAN,4,USA,U11,M
42158970,TRU FC 15 Boys,Truckee River United FC,CAN,CAN,4,USA,U11,M
42158617,South Valley United B15 Blue,South Valley United Soccer Club,CAN,CAN,4,USA,U11,M
42159393,Sequoia FC '15 Boys -Green (U11),Sequoia FC,CAN,CAN,4,USA,U11,M
42159136,15B White,Sunnyvale Alliance SC,CAN,CAN,4,USA,U11,M
42159478,2015B Alliance - Beas Stallions,Mt Diablo Mustang Soccer,CAN,CAN,4,USA,U11,M
42159259,Monterey Surf B15 Academy II,Monterey Surf Soccer Club,CAN,CAN,4,USA,U11,M
42159018,2015B Premier White,Los Gatos United Soccer Club,CAN,CAN,4,USA,U11,M
42159431,Stanford Strikers 15B Black North,Stanford Strikers FC,CAN,CAN,4,USA,U11,M
42159328,Fremont Rush 2015B Nero I,Fremont Rush Soccer,CAN,CAN,4,USA,U11,M
42158997,Almaden FC Mercury B15 White,Almaden FC,CAN,CAN,4,USA,U11,M
42159309,Dnamo FC Wolfsburg 2015B,Dnamo FC,CAN,CAN,4,USA,U11,M
42159442,Richmond United Cosmos,Richmond United SC,CAN,CAN,4,USA,U11,M
42158746,EDHSC 15B Elite,El Dorado Hills Soccer Club,CAN,CAN,4,USA,U11,M
42159016,2015B Premier Black,Los Gatos United Soccer Club,CAN,CAN,4,USA,U11,M
42159104,BUSC 2015 Elite 3,Ballistic United,CAN,CAN,4,USA,U11,M
42158883,15B White,Clovis Crossfire ,CAN,CAN,4,USA,U11,M
42159105,BUSC 2015 Elite 4,Ballistic United,CAN,CAN,4,USA,U11,M
42158956,Palo Alto SC 15B Blue,Palo Alto SC,CAN,CAN,4,USA,U11,M
42159209,Red Star 15B White,Red Star Soccer Academy,CAN,CAN,4,USA,U11,M
42158702,San Ramon FC 15B Red,San Ramon FC,CAN,CAN,4,USA,U11,M
42163646,OYSC 2015B White,Oakley Youth Soccer Club,CAN,CAN,4,USA,U11,M
42159017,2015B Premier Yellow,Los Gatos United Soccer Club,CAN,CAN,4,USA,U11,M
42159396,MUFC 2015B White,Merced United FC,CAN,CAN,4,USA,U11,M
42160867,South Tahoe FC 2015 Boys,South Tahoe FC,CAN,CAN,4,USA,U11,M
42159324,SC LIONS 2015B WHITE,Santa Clara Youth Soccer League,CAN,CAN,4,USA,U11,M
42159175,United Silicon Valley 15B Blue,AYSO United Silicon Valley,CAN,CAN,4,USA,U11,M
42159327,Fremont Rush 2015B Blue Zorros,Fremont Rush Soccer,CAN,CAN,4,USA,U11,M
42158566,Hollister Tremors 2015B Chelsea,Hollister Tremors,CAN,CAN,4,USA,U11,M
42175698,Lightning 16/15 Black,San Juan Soccer Club,CAN,CAN,4,USA,U11,M
42159222,Audax 2015B Navy,Audax Soccer Club,CAN,CAN,4,USA,U11,M
42159177,HYSL Premier Supreme 15B,Hayward Youth Soccer League,CAN,CAN,4,USA,U11,M
42158690,Mustang SC Daredevils 15M,Mustang Soccer,CAN,CAN,4,USA,U11,M
42159140,ALBION SC Central Valley B15 Academy,ALBION SC Central Valley,CAN,CAN,4,USA,U11,M
42159705,ECFC 15B Grey,Monterey County Soccer-ECFC Salinas,CAN,CAN,4,USA,U11,M
42163495,City SC Kings County B2015 (White),City SC Kings County,CAN,CAN,4,USA,U11,M
42158096,RAYADOS ACADEMY 2015 BLANCO,Escuela Oficial Richmond-Rayados,CAN,CAN,4,USA,U11,M
42162941,15B Silver,Solano Surf,CAN,CAN,4,USA,U11,M
42158878,FLS 15B Premier IV,Folsom Lake Surf,CAN,CAN,4,USA,U11,M
42159231,BUSC 2015B Red,Butte United Soccer Club,CAN,CAN,4,USA,U11,M
42159037,Oakland SC 2015B AQUA,Oakland Soccer Club,CAN,CAN,4,USA,U11,M
42159338,JSC 15B Yellow,JSC Soccer Club,CAN,CAN,4,USA,U11,M
42159246,Solano Surf 15B White,Solano Surf,CAN,CAN,4,USA,U11,M
42158630,Peninsula SC Fire Red 15B,Peninsula Youth Soccer,CAN,CAN,4,USA,U11,M
42159093,15B Academy I,Bay Area Surf,CAN,CAN,4,USA,U11,M
42158791,Dublin United 15B White,Dublin United,CAN,CAN,4,USA,U11,M
42176857,Aztecas,,CAN,CAN,4,USA,U11,M
42159141,ABSC Lightning Strike 2015B,Albany Berkeley Soccer Club,CAN,CAN,4,USA,U11,M
42159487,Eastbay FC 2015,EastBay FC,CAN,CAN,4,USA,U11,M
42159090,FC Milpitas Wolfpack 15B,Milpitas YSL,CAN,CAN,4,USA,U11,M
42159074,SF United B15 Halcones,SF United FC,CAN,CAN,4,USA,U11,M
42159137,15B Black,Sunnyvale Alliance SC,CAN,CAN,4,USA,U11,M
42159361,Maroon Devils 15,Real Sacramento Futbol Club,CAN,CAN,4,USA,U11,M
42159343,Barcelona -Juniors,DEPORTIVO BARCELONA SOCCER CLUB,CAN,CAN,4,USA,U11,M
42159020,Santa Rosa United 15B Blue,Santa Rosa United Soccer,CAN,CAN,4,USA,U11,M
42169575,Fall Select U11B - Kyono,Walnut Creek Surf Soccer Club,CAN,CAN,4,USA,U11,M
42177450,Clovis Crossfire - 15B Blue,Clovis Crossfire ,CAN,CAN,4,USA,U11,M
42159026,Arsenal B15,Central Valley Premier FC,CAN,CAN,4,USA,U11,M
42158984,Alameda SC Islanders 15B White,Alameda Soccer Club,CAN,CAN,4,USA,U11,M
42176693,2015B Black,Central Coast FC,CAN,CAN,4,USA,U11,M
42159446,San Jose Rush 15B Grey,San Jose Rush,CAN,CAN,4,USA,U11,M
42163690,AYSO United Bay Area 2015 Boys Navy,AYSO United Bay Area,CAN,CAN,4,USA,U11,M
42158097,RAYADOS ACADEMY 2015 AZUL,Escuela Oficial Richmond-Rayados,CAN,CAN,4,USA,U11,M
42158857,Manteca Futbol Club 15B White,MANTECA FUTBOL CLUB,CAN,CAN,4,USA,U11,M
42159278,SF Glens Academy 15B III,San Francisco Glens Soccer Club,CAN,CAN,4,USA,U11,M
42159423,ESJFC 15B Red,East San Jose FC,CAN,CAN,4,USA,U11,M
42158792,Dublin United 15B Black,Dublin United,CAN,CAN,4,USA,U11,M
42158888,24 - Eclipse 2015 Boys Lunar,East Bay Eclipse Soccer Club,CAN,CAN,4,USA,U11,M
42159284,Academy 2015B,Cruizers Academy,CAN,CAN,4,USA,U11,M
42159265,SF Glens 15B Green,San Francisco Glens Soccer Club,CAN,CAN,4,USA,U11,M
42163644,ECFC 15B Red,Monterey County Soccer-ECFC Salinas,CAN,CAN,4,USA,U11,M
42158894,24 - Eclipse 2015 Boys Solar Black,East Bay Eclipse Soccer Club,CAN,CAN,4,USA,U11,M
42159436,Stanford Strikers 15B White,Stanford Strikers FC,CAN,CAN,4,USA,U11,M
42159241,Fall Select U11B - Areias,Walnut Creek Surf Soccer Club,CAN,CAN,4,USA,U11,M
42176282,2015B Blue,AYSO United Davis,CAN,CAN,4,USA,U11,M
42158981,Alameda SC Islanders 15B Blue,Alameda Soccer Club,CAN,CAN,4,USA,U11,M
42159424,Hughson United Boys 2015,Hughson United,CAN,CAN,4,USA,U11,M
42159268,GCU 2015 Boys White,Gold Country United,CAN,CAN,4,USA,U11,M
42175795,SF Seals 15B GTO Skibidi,San Francisco Seals,CAN,CAN,4,USA,U11,M
42159483,SF Seals 15B White,San Francisco Seals,CAN,CAN,4,USA,U11,M
42159426,Revolution 2015B JP,Revolution SC,CAN,CAN,4,USA,U11,M
42159662,SP Academia Jr 2015,San Pablo United YSC,CAN,CAN,4,USA,U11,M
42163198,Legends FC SJ 15B Elite,Legends FC (SJ),CAN,CAN,4,USA,U11,M
42158862,Cal Magic 2015B West,California Magic Soccer Club,CAN,CAN,4,USA,U11,M
42158871,Evolution FC Jaguars 15B,Evolution FC,CAN,CAN,4,USA,U11,M
42158941,Palo Alto SC 15B White,Palo Alto SC,CAN,CAN,4,USA,U11,M
42158985,Burlingame SC 2015B Green,Burlingame Soccer Club,CAN,CAN,4,USA,U11,M
42158904,MVLA 15B Liverpool Black,Mountain View Los Altos Soccer Club,CAN,CAN,4,USA,U11,M
42159138,15B Silver,Sunnyvale Alliance SC,CAN,CAN,4,USA,U11,M
42158998,Bay Era FC,San Pablo United YSC,CAN,CAN,4,USA,U11,M
42158799,FRESNO HEAT FC 2015B Scorpions Red,FRESNO HEAT FC,CAN,CAN,4,USA,U11,M
42159482,SF Seals 15B Volt,San Francisco Seals,CAN,CAN,4,USA,U11,M
42167190,KICKERS FC - AGUILAS,,CAN,CAN,4,USA,U11,M
42159415,SMC Seals 15B Black,San Mateo County FC,CAN,CAN,4,USA,U11,M
42159266,USA Stars Academy 15BII,USA Stars Academy,CAN,CAN,4,USA,U11,M
42176523,Wolverines,,CAN,CAN,4,USA,U11,M
42159100,Red Star 15B Black,Red Star Soccer Academy,CAN,CAN,4,USA,U11,M
42176066,FRESNO HEAT FC 2015B Scorpions Black,FRESNO HEAT FC,CAN,CAN,4,USA,U11,M
42158582,San Carlos United SC 15B White,San Carlos United Soccer Club,CAN,CAN,4,USA,U11,M
42158766,Tulare Force 2015 Boys Blue,Tulare Force,CAN,CAN,4,USA,U11,M
42159213,West Valley United 015B Red,West Valley Soccer Club,CAN,CAN,4,USA,U11,M
42175200,Terra Bella FC 2015 Boys,Terra Bella Futbol Club,CAN,CAN,4,USA,U11,M
42159201,Manteca Area Soccer Rangers United 15B Blue,Manteca Area Soccer League,CAN,CAN,4,USA,U11,M
42158728,AAYSA Roaring Tiger 15B Team,Ace Athletics Youth Soccer Academy,CAN,CAN,4,USA,U11,M
42158845,2015 Boys Blue,Clippers FC,CAN,CAN,4,USA,U11,M
42158881,15B Black,Clovis Crossfire ,CAN,CAN,4,USA,U11,M
42159171,FC Milpitas Strikers 15B,Milpitas YSL,CAN,CAN,4,USA,U11,M
42158129,2015 East Sac Thunder (White),East Sacramento Youth Soccer Club,CAN,CAN,4,USA,U11,M
42159749,TFA-VC B2015 Navy,TOTAL FUTBOL ACADEMY (CA),CAN,CAN,4,USA,U11,M
42176869,AR - SJ Spartans 2015B,Alum Rock Futbol Club,CAN,CAN,4,USA,U11,M
42158966,North Coast FC 15B White,North Coast Futbol Club,CAN,CAN,4,USA,U11,M
42158210,AR - Earthquakes 15B,Alum Rock Futbol Club,CAN,CAN,4,USA,U11,M
42159463,15B Red,Allstars United,CAN,CAN,4,USA,U11,M
42163679,NYSL 2015/16 Boys Athletics (Blue),Natomas United Youth Soccer,CAN,CAN,4,USA,U11,M
42163939,Almaden FC Mercury 15B White,Almaden FC,CAN,CAN,4,USA,U11,M
42158847,Highlanders 2015B White,Piedmont SC,CAN,CAN,4,USA,U11,M
42159395,MUFC 2015B Black,Merced United FC,CAN,CAN,4,USA,U11,M
42158961,MCSA 2015 Boys Blue,Mendocino County Soccer Academy,CAN,CAN,4,USA,U11,M
42158156,Placer United 15B White,Placer United Soccer Club,CAN,CAN,4,USA,U11,M
42159029,Select B15,Central Valley Premier FC,CAN,CAN,4,USA,U11,M
42158701,San Ramon FC 15B White,San Ramon FC,CAN,CAN,4,USA,U11,M
42159039,Oakland SC 2015B WHITE,Oakland Soccer Club,CAN,CAN,4,USA,U11,M
42158896,FCA 15B Grey,Football Club Alliance,CAN,CAN,4,USA,U11,M
42158680,Elite White 15,Granite Bay FC,CAN,CAN,4,USA,U11,M
42159394,ALBION SC Merced B15 Academy,ALBION SC Merced,CAN,CAN,4,USA,U11,M
42158073,South Valley Chivas 15B White,South Valley Chivas Academy,CAN,CAN,4,USA,U11,M
42158935,2015 Boys Grey,Clippers FC,CAN,CAN,4,USA,U11,M
42159406,EB B15 Academy,ALBION SC Silicon Valley East Bay,CAN,CAN,4,USA,U11,M
42175869,U11 Union FC 15B CCA,Union Sacramento FC,CAN,CAN,4,USA,U11,M
42159204,ALBION SC Central Valley B15 Premier,ALBION SC Central Valley,CAN,CAN,4,USA,U11,M
42158920,2015B Elite 1,Elk Grove Soccer,CAN,CAN,4,USA,U11,M
42158890,Castro Valley SC CVSC United 2015 Boys White,Castro Valley Soccer Club,CAN,CAN,4,USA,U11,M
42159481,SF Seals 15B Blue,San Francisco Seals,CAN,CAN,4,USA,U11,M
42164430,Dovesport 2015,U.S. Futsal,CAN,CAN,4,USA,U11,M
42159376,Elk Grove United SC 15B Premier WH,Elk Grove United SC,CAN,CAN,4,USA,U11,M
42158940,Palo Alto SC 15B Red,Palo Alto SC,CAN,CAN,4,USA,U11,M
42159333,FRESNO HEAT FC 2015B SJ,FRESNO HEAT FC,CAN,CAN,4,USA,U11,M
42159392,Cupertino FC Flames 15B Red,Cupertino FC,CAN,CAN,4,USA,U11,M
42162322,United Fc Black 15/16,Ceres Rush,CAN,CAN,4,USA,U11,M
42159465,15B Black,Allstars United,CAN,CAN,4,USA,U11,M
42176224,Eclipse 2015 Boys Solar Red,East Bay Eclipse Soccer Club,CAN,CAN,4,USA,U11,M
42159121,Corte Madera FC Boys White 2015,Corte Madera Football Club,CAN,CAN,4,USA,U11,M
42159470,Blackhawks SC 15B SD,Blackhawks Soccer Club,CAN,CAN,4,USA,U11,M
42158128,San Carlos United SC 15B Blue,San Carlos United Soccer Club,CAN,CAN,4,USA,U11,M
42159229,South Valley Chivas Red 15B,South Valley Chivas Academy,CAN,CAN,4,USA,U11,M
42159214,2015B Buenas Peras,Zorritos F.C,CAN,CAN,4,USA,U11,M
42158494,Revolution 15 Blue,American River FC,CAN,CAN,4,USA,U11,M
42159304,Santa Cruz Mid County SURF 15B,Santa Cruz Mid-County Youth Soccer Club,CAN,CAN,4,USA,U11,M
42158826,15B White,Sacramento Alliance SC,CAN,CAN,4,USA,U11,M
42159382,TPSC Sharks 2015 Boys White,Tiburon Peninsula Soccer Club,CAN,CAN,4,USA,U11,M
42158829,SFVSC B2015 I,San Francisco Vikings Soccer Club,CAN,CAN,4,USA,U11,M
42159339,JSC 15B Blue,JSC Soccer Club,CAN,CAN,4,USA,U11,M
42177274,Lightning 2015,Blue Lightning Soccer Club,CAN,CAN,4,USA,U11,M
42159418,SM B15 Academy,ALBION SC Silicon Valley San Mateo,CAN,CAN,4,USA,U11,M
42159403,Brujitos Jr 2015,Real Salinas,CAN,CAN,4,USA,U11,M
42164536,Los Gallos 2015B,San Joaquin County Soccer Academy,CAN,CAN,4,USA,U11,M
42159385,2015B Green,Santa Cruz United Football Club,CAN,CAN,4,USA,U11,M
42159070,Breakers 15B White,Ross Valley Breakers FC,CAN,CAN,4,USA,U11,M
42163291,Roseville SC 2015B Grey,Roseville Youth Soccer Club,CAN,CAN,4,USA,U11,M
42158944,Alliance 2015B Purple,Eastshore Alliance FC,CAN,CAN,4,USA,U11,M
42159429,North Marin United 15 Boys Cosmos,North Marin United,CAN,CAN,4,USA,U11,M
42159374,Briceno Galaxy,Briceno Soccer Club,CAN,CAN,4,USA,U11,M
42159616,PYSC 2015 Boys,Pittsburg Youth Soccer Club,CAN,CAN,4,USA,U11,M
42159329,Fremont Rush 2015B Nero Spurs,Fremont Rush Soccer,CAN,CAN,4,USA,U11,M
42163713,AC Los Banos 2015W,AC Los Banos,CAN,CAN,4,USA,U11,M
42164976,Stanislaus United SC SUSC 2015B Blue,Stanislaus United,CAN,CAN,4,USA,U11,M
42159399,Kaos 2015B White Flores,Atwater Kaos Futbol Club,CAN,CAN,4,USA,U11,M
42158889,Castro Valley SC CVSC United 2015 Boys Grey,Castro Valley Soccer Club,CAN,CAN,4,USA,U11,M
42158887,2015B Navy,OV Toros FC,CAN,CAN,4,USA,U11,M
42158992,Sonoma County Premier 2015 Boys White,Sonoma County Premier,CAN,CAN,4,USA,U11,M
42158716,EDHSC 15B I,El Dorado Hills Soccer Club,CAN,CAN,4,USA,U11,M
42158909,Valley United 15B Maroon,Scotts Valley San Lorenzo Valley Youth Soccer Club,CAN,CAN,4,USA,U11,M
42163594,Vipers,Atletico Santa Rosa,CAN,CAN,4,USA,U11,M
42159285,UC Premier 2015B Black,UC Premier,CAN,CAN,4,USA,U11,M
42176904,F.C. Real Libertad 15B,F.C. Real Libertad,CAN,CAN,4,USA,U11,M
42159260,ALBION SC Central Valley B15 Premier 2,ALBION SC Central Valley,CAN,CAN,4,USA,U11,M
42163206,U10B - Thomas - Cobras,AYSO A2C Alliance,CAN,CAN,4,USA,U11,M
42159128,Belmont United 15B Sounders Red,Belmont United Soccer Club,CAN,CAN,4,USA,U11,M
42159302,MVSC Fusion Red 2015,Mill Valley Soccer Club,CAN,CAN,4,USA,U11,M
42159302,MVSC Fusion Red 2015,Mill Valley Soccer Club,CAN,CAN,4,USA,U11,M
42159448,IFC Tecos Thunder Boys 2015,Tecos Hayward Soccer Club,CAN,CAN,4,USA,U11,M
42161655,W.A.F.C 2015 Black,Woodland Alianza FC ,CAN,CAN,4,USA,U11,M
42159449,JSC 15B Red,JSC Soccer Club,CAN,CAN,4,USA,U11,M
42159240,Bay Oaks 2015B Blue,East Bay United,CAN,CAN,4,USA,U11,M
42158646,Peninsula SC Fire White 15B,Peninsula Youth Soccer,CAN,CAN,4,USA,U11,M
42159075,SF United B15 Los Andes,SF United FC,CAN,CAN,4,USA,U11,M
42159346,WSC 15B White,Woodland Soccer Club,CAN,CAN,4,USA,U11,M
42163330,2015B Panthers Blue,Santa Clara Rush,CAN,CAN,4,USA,U11,M
42162013,South Tahoe Silver Tigers,Boys & Girls Club of Lake Tahoe Futbol Alianza,CAN,CAN,4,USA,U11,M
42158032,SCV B15 GOLD,Legends FC Santa Clarita,CAN,CAN,4,USA,U11,M
42159437,Stanford Strikers 15B White South,Stanford Strikers FC,CAN,CAN,4,USA,U11,M
42176814,Five59 Elite B15,Five59 Elite,CAN,CAN,4,USA,U11,M
42158867,Rocklin FC 15B Grey,Rocklin FC,CAN,CAN,4,USA,U11,M
42158641,Benicia Arsenal 2015 Boys (Yellow),Benicia Soccer,CAN,CAN,4,USA,U11,M
42159038,Oakland SC 2015B BLACK,Oakland Soccer Club,CAN,CAN,4,USA,U11,M
42163696,PV United 15B Blue,Pajaro Valley Youth Soccer Club,CAN,CAN,4,USA,U11,M
42159099,Red Star 15B Gold,Red Star Soccer Academy,CAN,CAN,4,USA,U11,M
42159391,Cupertino FC Flames 15B White,Cupertino FC,CAN,CAN,4,USA,U11,M
42159365,Napa Sport 2015 Olympico White,Napa Sport Soccer Club,CAN,CAN,4,USA,U11,M
42159162,CVSJ 15B Hawks,Central Valley San Jose SC,CAN,CAN,4,USA,U11,M
42163676,Yuba Elite FC 15B Black,Yuba Elite FC,CAN,CAN,4,USA,U11,M
42159409,15B Gray 2,Sacramento United,CAN,CAN,4,USA,U11,M
42159043,Pacifica United SC B2015 Gray,Pacifica United Soccer Club,CAN,CAN,4,USA,U11,M
42158246,DYNAMO B2015 White,Dynamo,CAN,CAN,4,USA,U11,M
42158246,DYNAMO B2015 White,Dynamo,CAN,CAN,4,USA,U11,M
42159445,San Jose Rush 15B Black,San Jose Rush,CAN,CAN,4,USA,U11,M
42175927,COSC Pre-ECNL B15 II,California Odyssey Soccer Club,CAN,CAN,4,USA,U11,M
42175107,FC23nxterafootball,,CAN,CAN,4,USA,U11,M
42175588,Dublin United 15B Pre-EA,Dublin United,CAN,CAN,4,USA,U11,M
42176581,BUSC 2015 Pre-MLS Next,Ballistic United,CAN,CAN,4,USA,U11,M
42159466,15B Grey,Allstars United,CAN,CAN,4,USA,U11,M
42158596,2024 APSC 2015B Rebels,Arden Park Soccer Club,CAN,CAN,4,USA,U11,M
42175363,APSC 2015B Rebels,Arden Park Soccer Club,CAN,CAN,4,USA,U11,M
42158776,SANTA CRUZ SHARKS 15 GRAY,Santa Cruz City Soccer Club,CAN,CAN,4,USA,U11,M
42159251,Greenhaven SC 15B II,Greenhaven Soccer Club,CAN,CAN,4,USA,U11,M
42159019,2015B Select Black,Los Gatos United Soccer Club,CAN,CAN,4,USA,U11,M
42159387,Atchison Village Lightning Green 2015B,,CAN,CAN,4,USA,U11,M
42159067,SVU Boys 15 White,Sonoma Valley United,CAN,CAN,4,USA,U11,M
42159156,MRFC 15B Barcelona,Madera Roja FC,CAN,CAN,4,USA,U11,M
42158583,San Carlos United SC 15B Black,San Carlos United Soccer Club,CAN,CAN,4,USA,U11,M
42158583,San Carlos United SC 15B Black,San Carlos United Soccer Club,CAN,CAN,4,USA,U11,M
42158868,Rocklin FC 15B Onyx,Rocklin FC,CAN,CAN,4,USA,U11,M
42164344,NBW 2015 S,Newbility Warriors Athletic Club,CAN,CAN,4,USA,U11,M
42159617,PYSC 2015 Boys White,Pittsburg Youth Soccer Club,CAN,CAN,4,USA,U11,M
42159035,Palo Alto SC 15B Green,Palo Alto SC,CAN,CAN,4,USA,U11,M
42163368,Golden Crickets 2015B,Golden Crickets Soccer Club,CAN,CAN,4,USA,U11,M
42159354,B15-3,United Sports Soccer Club (CA),CAN,CAN,4,USA,U11,M
42159354,B15-3,United Sports Soccer Club (CA),CAN,CAN,4,USA,U11,M
42159129,Belmont United 15B Sounders White,Belmont United Soccer Club,CAN,CAN,4,USA,U11,M
42159129,Belmont United 15B Sounders White,Belmont United Soccer Club,CAN,CAN,4,USA,U11,M
42159354,B15-3,United Sports Soccer Club (CA),CAN,CAN,4,USA,U11,M
42159352,B15-1,United Sports Soccer Club (CA),CAN,CAN,4,USA,U11,M
42164286,Attacking Asteroids,Davis AYSO,CAN,CAN,4,USA,U11,M
42164163,Legends Futbol Club,,CAN,CAN,4,USA,U11,M
42159208,Central Coast FC 15Gray,Real Atletico Futbol Club,CAN,CAN,4,USA,U11,M
42159188,Fremont YSC 15B ID I,Fremont Youth Soccer Club,CAN,CAN,4,USA,U11,M
42159341,South San Jose 15B White,South San Jose Soccer League,CAN,CAN,4,USA,U11,M
42159341,South San Jose 15B White,South San Jose Soccer League,CAN,CAN,4,USA,U11,M
42159106,BUSC 2015 Select Gold,Ballistic United,CAN,CAN,4,USA,U11,M
42158796,NV/SJ United 15B White,North Valley Youth Soccer League,CAN,CAN,4,USA,U11,M
42176289,SF Seals 15B GTO Rizzlers,San Francisco Seals,CAN,CAN,4,USA,U11,M
42159179,United Silicon Valley 15B White,AYSO United Silicon Valley,CAN,CAN,4,USA,U11,M
42159036,Palo Alto SC 15B Navy,Palo Alto SC,CAN,CAN,4,USA,U11,M
42163652,Castro Valley SC CVSC United 2015 Boys Blue,Castro Valley Soccer Club,CAN,CAN,4,USA,U11,M
42159454,Frisco United B2015,Club Deportivo San Francisco,CAN,CAN,4,USA,U11,M
42158808,2015 East Sac Thunder (Red),East Sacramento Youth Soccer Club,CAN,CAN,4,USA,U11,M
42159130,DO NOT USE - Belmont United 15B Sounders Grey,Belmont United Soccer Club,CAN,CAN,4,USA,U11,M
42159414,SMC Seals 15B Red,San Mateo County FC,CAN,CAN,4,USA,U11,M
42163292,Hollister Tremors 2015B Team B,Hollister Tremors,CAN,CAN,4,USA,U11,M
42177157,Palo Alto AYSO Select 2015,,CAN,CAN,4,USA,U11,M
42158767,Tulare Force 2014/15 Boys,Tulare Force,CAN,CAN,4,USA,U11,M
42176897,Almaden FC Mercury B15 Yellow,Almaden FC,CAN,CAN,4,USA,U11,M
42163877,10U Beas - Stallions,AYSO A2C Alliance,CAN,CAN,4,USA,U11,M
42158906,Fusion SC 2015 Boys Evo I,Livermore Fusion SC,CAN,CAN,4,USA,U11,M
42176670,Latinos Soccer Club 15/16B,Latinos Soccer Club,CAN,CAN,4,USA,U11,M
42159212,West Valley United 015B White,West Valley Soccer Club,CAN,CAN,4,USA,U11,M
42175809,South Tahoe FC 2015 Boys Black,South Tahoe FC,CAN,CAN,4,USA,U11,M
42174378,PAL United Boys 2015,San Jose Police Activities League,CAN,CAN,4,USA,U11,M
42163884,Davis Surge (10UB-DAV-01A),Davis AYSO,CAN,CAN,4,USA,U11,M
42175703,Santa Rosa Empire SC 15B Clash,Santa Rosa Empire Soccer Club,CAN,CAN,4,USA,U11,M
42159267,GCU 2015 Boys Blue,Gold Country United,CAN,CAN,4,USA,U11,M
42158921,2015B Elite 2,Elk Grove Soccer,CAN,CAN,4,USA,U11,M
42165264,MSA FC2016,,CAN,CAN,4,USA,U11,M
42159344,WSC 15B Black,Woodland Soccer Club,CAN,CAN,4,USA,U11,M
42163707,USA Stars Academy 15BIII,USA Stars Academy,CAN,CAN,4,USA,U11,M
42158773,Black Oaks Black Bears 2015B,Black Oaks Youth Soccer Club,CAN,CAN,4,USA,U11,M
42158973,SFEA 2015B PRE-ECNL II,SF Elite,CAN,CAN,4,USA,U11,M
42158934,MCSFC B15,Marin City Sausalito FC,CAN,CAN,4,USA,U11,M
42158982,Alameda SC Islanders 15B Green,Alameda Soccer Club,CAN,CAN,4,USA,U11,M
42176068,Mt. Diablo Mustang 2015B Gray,Mt Diablo Mustang Soccer,CAN,CAN,4,USA,U11,M
42159397,RIPMC FC 15 Boys - Andrew,Sanger FC,CAN,CAN,4,USA,U11,M
42163415,Fusion SC 2015 Boys Gold II,Livermore Fusion SC,CAN,CAN,4,USA,U11,M
42164806,NSS KĀOS '15 Red,North State Soccer,CAN,CAN,4,USA,U11,M
42176222,Eclipse 2015 Boys Lunar,East Bay Eclipse Soccer Club,CAN,CAN,4,USA,U11,M
42158962,MCSA 2015 Boys Green,Mendocino County Soccer Academy,CAN,CAN,4,USA,U11,M
42176840,Central Valley San Jose 15B Armour,Central Valley San Jose SC,CAN,CAN,4,USA,U11,M
42162640,Ebbetts Pass FC 2015B,Ebbetts Pass Gold FC,CAN,CAN,4,USA,U11,M
42159021,Force 15B Blue,De Anza Force,CAN,CAN,4,USA,U11,M
42158634,Benicia Arsenal 2015 Boys (White),Benicia Soccer,CAN,CAN,4,USA,U11,M
42159330,Fremont Rush 2015B Inter,Fremont Rush Soccer,CAN,CAN,4,USA,U11,M
42165018,NBW 2015 U,Newbility Warriors Athletic Club,CAN,CAN,4,USA,U11,M
42164750,Mammoth Boys U-10 2025,,CAN,CAN,4,USA,U11,M
42158804,Santa Rosa Empire SC 15B Cyclones,Santa Rosa Empire Soccer Club,CAN,CAN,4,USA,U11,M
42163613,Tigres 15/16B,San Bruno Lowen 83,CAN,CAN,4,USA,U11,M
42175900,Pacific FC 15B Maniacs,Pacific Futbol Club,CAN,CAN,4,USA,U11,M
42158830,Santa Rosa Empire SC 15B Lightning,Santa Rosa Empire Soccer Club,CAN,CAN,4,USA,U11,M
42175751,2015 GOATS,Sierra Gold Soccer Club,CAN,CAN,4,USA,U11,M
42163885,Terminators (10UB-DAV-03A),Davis AYSO,CAN,CAN,4,USA,U11,M
42163651,Almaden FC Mercury B15 Orange,Almaden FC,CAN,CAN,4,USA,U11,M
42159469,Black Oaks 2016/2015 B,Black Oaks Youth Soccer Club,CAN,CAN,4,USA,U11,M
42159326,COSC 15B Blue (inactive),California Odyssey Soccer Club,CAN,CAN,4,USA,U11,M
42176276,49er United Hurricanes 2015B,49er United Soccer Club,CAN,CAN,4,USA,U11,M
42159381,TPSC Sharks 2015 Boys,Tiburon Peninsula Soccer Club,CAN,CAN,4,USA,U11,M
42175848,Legends FC-Antelope Valley,,CAN,CAN,4,USA,U11,M
42164056,Wonderkids,,CAN,CAN,4,USA,U11,M
42159438,Stanford Strikers 15B Yellow,Stanford Strikers FC,CAN,CAN,4,USA,U11,M
42159120,Corte Madera FC Boys Blue 2015,Corte Madera Football Club,CAN,CAN,4,USA,U11,M
42177202,Mountain House YSL 2015,Mountain House Youth Soccer League,CAN,CAN,4,USA,U11,M
42165003,Capay Valley Pumas,District 6,CAN,CAN,4,USA,U11,M
42176564,2015B Lightning,Prospector Soccer Club,CAN,CAN,4,USA,U11,M
42164147,10UB - Fratangeli - Stallions,AYSO A2C Alliance,CAN,CAN,4,USA,U11,M
42161969,FC CORNING LEGENDS,Corning Youth Soccer League,CAN,CAN,4,USA,U11,M
42159283,Tracy Pumas,Tracy United,CAN,CAN,4,USA,U11,M
42175693,Roseville SC 2015B Teal,Roseville Youth Soccer Club,CAN,CAN,4,USA,U11,M
42176882,SF United B15 Tornados,SF United FC,CAN,CAN,4,USA,U11,M
42164397,Pacifica Surfside Strikers,,CAN,CAN,4,USA,U11,M
42159388,Valley United 15B Black,Scotts Valley San Lorenzo Valley Youth Soccer Club,CAN,CAN,4,USA,U11,M
42159078,WSC Crush 15 Boys Orange,WSC Crush,CAN,CAN,4,USA,U11,M
42164148,Dragons Blue KYSL U10B,Konocti Youth Soccer League,CAN,CAN,4,USA,U11,M
42164149,Dragons White U10B,Konocti Youth Soccer League,CAN,CAN,4,USA,U11,M
42164367,MHYSL 2015/2016,Mountain House Youth Soccer League,CAN,CAN,4,USA,U11,M
42159559,Valley United 15 Boys Black-PF,Valley United Soccer Club Association,CAN,CAN,4,USA,U11,M
42164200,10UB Millbrae Fearless,,CAN,CAN,4,USA,U11,M
42164513,NP Elite FC Jets,Newbury Park Elite,CAN,CAN,4,USA,U11,M
42159189,Fremont YSC 15B ID II,Fremont Youth Soccer Club,CAN,CAN,4,USA,U11,M
42163724,U11 Union FC 15B Barcitas,Union Sacramento FC,CAN,CAN,4,USA,U11,M
42183847,Sunset Fog Strikers,,CAN,CAN,4,USA,U11,M
42162494,Golden Gate Soccer Club GGS 15B Elite Primetime,Golden Gate Soccer Club,CAN,CAN,4,USA,U11,M
42176395,EDHSC 15B II,El Dorado Hills Soccer Club,CAN,CAN,4,USA,U11,M
42176257,Mt. Diablo Mustang 2015B Black II,Mt Diablo Mustang Soccer,CAN,CAN,4,USA,U11,M
42164932,SF RUSH FC DOLPHINS 09,San Francisco Youth Soccer,CAN,CAN,4,USA,U11,M
42176406,Audax 2015B White,Audax Soccer Club,CAN,CAN,4,USA,U11,M
42176091,Turlock Academica Jrs 15B Yellow,Turlock Academica Jrs,CAN,CAN,4,USA,U11,M
42163666,Fremont YSC 15B FN III,Fremont Youth Soccer Club,CAN,CAN,4,USA,U11,M
42176870,RICHMOND RAYADOS ACADEMY 2015B,Escuela Oficial Richmond-Rayados,CAN,CAN,4,USA,U11,M
42159172,Valley United 15 Boys White-JV,Valley United Soccer Club Association,CAN,CAN,4,USA,U11,M
42159232,BUSC 2015B White,Butte United Soccer Club,CAN,CAN,4,USA,U11,M
42159353,B15-2,United Sports Soccer Club (CA),CAN,CAN,4,USA,U11,M
42159453,Patterson Heat FC 2015B,Patterson Heat FC,CAN,CAN,4,USA,U11,M
42159464,15B White,Allstars United,CAN,CAN,4,USA,U11,M
42164511,NP Elite FC Turbo,Newbury Park Elite,CAN,CAN,4,USA,U11,M
42164245,Mighty Dynamo,,CAN,CAN,4,USA,U11,M
42164577,SFVSC Tarimoro B15,San Francisco Vikings Soccer Club,CAN,CAN,4,USA,U11,M
42164766,Antelope Jedi Knights,Antelope AYSO,CAN,CAN,4,USA,U11,M
42163665,Belmont United 15B Sounders Black,Belmont United Soccer Club,CAN,CAN,4,USA,U11,M
42164809,Hot Shots,Antelope AYSO,CAN,CAN,4,USA,U11,M
42177110,SLAMMERS FC - B2015 MG Maroon,,CAN,CAN,4,USA,U11,M
42176223,Eclipse 2015 Boys Solar Black,East Bay Eclipse Soccer Club,CAN,CAN,4,USA,U11,M
42163523,Force 15B Black,De Anza Force,CAN,CAN,4,USA,U11,M
42176277,49er United Tsunami 2015B,49er United Soccer Club,CAN,CAN,4,USA,U11,M
42176311,WESCO 15B Whitehawks,WESCO United,CAN,CAN,4,USA,U11,M
42176324,NYSL 2015/16 Boys Reapers,Natomas United Youth Soccer,CAN,CAN,4,USA,U11,M
42176547,NSS KĀOS '15 White,North State Soccer,CAN,CAN,4,USA,U11,M
42174264,Kings B14,Sporting So-Cal Soccer Club,CAN,CAN,4,USA,U11,M
42162174,Burlingame SC 2015B Happy Feet,Burlingame Soccer Club,CAN,CAN,4,USA,U11,M
42175719,2015 Competitive Team,,CAN,CAN,4,USA,U11,M
42159023,Diablo Valley FC 15B Pre-MLS,Diablo Valley Futbol Club,CAN,CAN,4,USA,U11,M
42159107,BUSC 2015 Select Black,Ballistic United,CAN,CAN,4,USA,U11,M
42159964,Pro Evolution Football Club 2015 (U9) Coed,TechFit Academy,CAN,CAN,4,USA,U11,M
