gotsport_team_id,display_name,club,state,team_association_raw,region,country,age_group,gender
42158691,2015 (U11) Pre MLS,Miami Futbol Academy Rush ,FL,FL,3,USA,U11,M
42158613,Weston FC 2015 Future Elite I,Weston FC,FL,FL,3,USA,U11,M
42171732,2015 Boys Blue,Pinecrest Premier Soccer,FL,FL,3,USA,U11,M
42161810,Weston FC 2015 Future Elite II,Weston FC,FL,FL,3,USA,U11,M
42161560,KBSC Academy 2015,Key Biscayne SC,FL,FL,3,USA,U11,M
42161887,ONE FC B2015 BLACK,NEUESPORTS,FL,FL,3,USA,U11,M
42161849,2015 Boys White,SABR - Team Boca,FL,FL,3,USA,U11,M
42170695,2015-BOYS TEAM ORANGE,Miami Shores Soccer Club,FL,FL,3,USA,U11,M
42161197,FPFC PRE ECNL I B15,Florida Premier FC,FL,FL,3,USA,U11,M
42160720,ACADEMIA METODO COIRA 2015 ELITE,Miami Athletic Club,FL,FL,3,USA,U11,M
42160296,MVP FC 15B,MVP Futbol Club ,FL,FL,3,USA,U11,M
42171454,CFC 15 Premier,Coerfontaine FC,FL,FL,3,USA,U11,M
42160812,GALACTICOS SOCCER ACADEMY 2015 ELITE,,FL,FL,3,USA,U11,M
42158710,Tampa Dynamo FC 2015B Red,Tampa Dynamo FC,FL,FL,3,USA,U11,M
42158525,Strikers Miami FC 2015 PRE ECNL,Strikers Miami FC ,FL,FL,3,USA,U11,M
42170862,WS 2015B Messi,Weston Select Soccer Club,FL,FL,3,USA,U11,M
42162422,CSSA 2015W White,Coral Springs Soccer Academy & Futsal,FL,FL,3,USA,U11,M
42160761,2015B Red Pre ECNL,FC America,FL,FL,3,USA,U11,M
42158611,JFC 2015 Pre MLS Academy I,Jacksonville FC,FL,FL,3,USA,U11,M
42160701,Lions U11 Red (2015),Miami Futbol Academy Rush ,FL,FL,3,USA,U11,M
42160992,Weston FC 2015 Boys Black,Weston FC,FL,FL,3,USA,U11,M
42172688,Aventura FC Bold Nation 2015B Gold,AVENTURA F.C. BOLD NATION,FL,FL,3,USA,U11,M
42161701,2015B Black,FD Football Club,FL,FL,3,USA,U11,M
42163625,Azzurri Storm 2015 Boys Select,"Azzurri Storm Soccer, Inc.",FL,FL,3,USA,U11,M
42170863,WS 2015B Tevez,Weston Select Soccer Club,FL,FL,3,USA,U11,M
42158780,IMCF Academy 2015,Inter Miami CF,FL,FL,3,USA,U11,M
42168603,OCSS South 2015 Pre MLS 1,Orlando City Soccer Club,FL,FL,3,USA,U11,M
42158652,FHFC 2015 B Blue,Florida Hawks Futbol Club,FL,FL,3,USA,U11,M
42160924,2015B BLACK,Miami Breakers FC,FL,FL,3,USA,U11,M
42158667,TBU 2015B Pre MLS Next North,Tampa Bay United,FL,FL,3,USA,U11,M
42158668,TBU 2015B Pre MLS Next South,Tampa Bay United,FL,FL,3,USA,U11,M
42159778,CES - Real Betis Academy Miami Elite 2015 A,Coral Estates S.C.,FL,FL,3,USA,U11,M
42161269,SWFL B15 PRE-ECNL,Florida Premier FC,FL,FL,3,USA,U11,M
42176828,ONE FC B2015 PRE-MLS,NEUESPORTS,FL,FL,3,USA,U11,M
42161021,Deportivo Cali Doral 2015 Elite Redin,Miami Stars Soccer,FL,FL,3,USA,U11,M
42158478,FBS-FC 2015 Orange,Futbol Beach Soccer Futsal Club,FL,FL,3,USA,U11,M
42160150,2015-BOYS TEAM BLACK,Miami Shores Soccer Club,FL,FL,3,USA,U11,M
42170600,Pre ECNL B15,Davie United SC,FL,FL,3,USA,U11,M
42161839,FLFC 2015 Boys Premier,Florida Legends Football Club,FL,FL,3,USA,U11,M
42162356,Palm Beach Wolves SC 2015,Sports Paradize Soccer Academy,FL,FL,3,USA,U11,M
42162003,2015 Black,South Miami United FC,FL,FL,3,USA,U11,M
42158620,Doral SC Elite 2015,Doral SC,FL,FL,3,USA,U11,M
42158770,PBG 15 PRE-ECNL BOYS NIKE,Palm Beach Kicks,FL,FL,3,USA,U11,M
42162409,West Pines United FC 2015 Elite,West Pines United FC,FL,FL,3,USA,U11,M
42163968,Silva Select 2015,Silva Select ,FL,FL,3,USA,U11,M
42162458,Fort Lauderdale FC 15 Boys Blue,Fort Lauderdale Select FC,FL,FL,3,USA,U11,M
42161634,15 Kraze Pre ECNL,Florida Kraze Krush,FL,FL,3,USA,U11,M
42162145,B2015 FERMIN,BARCA Academy Pro Miami,FL,FL,3,USA,U11,M
42161648,2015 Boys (FL),Naples United FC,FL,FL,3,USA,U11,M
42160477,2015 (U11) Black,Miami Futbol Academy Rush ,FL,FL,3,USA,U11,M
42158730,ANBBK Boynton Beach Knights BBK-2015-B-Black,Boynton Beach Knights,FL,FL,3,USA,U11,M
42161775,2015 Boys OCLN PreECNL,Orlando City Soccer School Lake Nona,FL,FL,3,USA,U11,M
42158687,St Petersburg FC Boys 2015 SPFC,St. Petersburg Football Club,FL,FL,3,USA,U11,M
42160785,2015 CTC Hialeah City FC BLUE,CTC Bandits FC,FL,FL,3,USA,U11,M
42161967,Solrise Soccer Academy 2015B Elite,Solrise Soccer Academy,FL,FL,3,USA,U11,M
42161043,SK Sunblazer U10 Gold,"South Kendall Sunblazer Soccer Club, Inc.",FL,FL,3,USA,U11,M
42162146,B2015 ERIC GARCIA,BARCA Academy Pro Miami,FL,FL,3,USA,U11,M
42160622,ANWSC Wellington SC 2015B Elite White,Wellington SC,FL,FL,3,USA,U11,M
42160967,S5A KENDALL U11 ELITE,Soccer 5 Academy ,FL,FL,3,USA,U11,M
42161264,2015 (U11) Blue,Miami Futbol Academy Rush ,FL,FL,3,USA,U11,M
42158577,Wellington pre ECNL B15,Wellington Soccer Club,FL,FL,3,USA,U11,M
42160610,2015 Boys Grey,Pinecrest Premier Soccer,FL,FL,3,USA,U11,M
42160805,Elite 2015 Black,Elite Soccer Academy (FL),FL,FL,3,USA,U11,M
42161541,Labelle Heat 15/16,Labelle Heat,FL,FL,3,USA,U11,M
42158558,2015 Boys Grey,Davie United SC,FL,FL,3,USA,U11,M
42158744,Doral SC Premier 2015,Doral SC,FL,FL,3,USA,U11,M
42161635,2015 LUIS ARAGONES,Atletico de Madrid Academia Miami ,FL,FL,3,USA,U11,M
42159224,2015B Pre-MLS Navy,West Florida Flames,FL,FL,3,USA,U11,M
42160902,GGS 2015 Boys Gold,GGS Soccer Academy,FL,FL,3,USA,U11,M
42160856,2015 White 2,South Miami United FC,FL,FL,3,USA,U11,M
42158574,2015 Boys Elite,"AC Delray, Inc.",FL,FL,3,USA,U11,M
42161938,MIAMI UNITED FC 2015 ELITE,Miami Stars Soccer,FL,FL,3,USA,U11,M
42161005,JAM Doral - Cuadrado,,FL,FL,3,USA,U11,M
42160152,2015 Southern Homestead Elite,Southern Homestead Soccer Academy ,FL,FL,3,USA,U11,M
42161354,2015 Boys White,Pinecrest Premier Soccer,FL,FL,3,USA,U11,M
42162181,Naples Eagles 2015/2016,Bonita Springs Wildcats,FL,FL,3,USA,U11,M
42158750,Parkland SC Pre ECNL B15,Parkland Soccer Club,FL,FL,3,USA,U11,M
42162144,B2015 CUBARSI,BARCA Academy Pro Miami,FL,FL,3,USA,U11,M
42158684,2015 Boys,South Tampa Gold,FL,FL,3,USA,U11,M
42160478,2015 (U11) Grey,Miami Futbol Academy Rush ,FL,FL,3,USA,U11,M
42158651,IdeaSport 2015 Pre-MLS 1,IdeaSport Soccer Academy,FL,FL,3,USA,U11,M
42158738,FPFC 15B TRP REGIONAL,Florida Premier FC,FL,FL,3,USA,U11,M
42158513,Chargers TPA B2015 Academy Yellow,Chargers SC TPA,FL,FL,3,USA,U11,M
42160485,ALL STARS 2015,Miami Stars Soccer,FL,FL,3,USA,U11,M
42159914,2015B Pre-MLS White,West Florida Flames,FL,FL,3,USA,U11,M
42163121,GOTFC 2015 Elite,Miami Athletic Club,FL,FL,3,USA,U11,M
42161917,EJE7 2015,EJE7 ,FL,FL,3,USA,U11,M
42160993,Weston FC 2015 Boys White,Weston FC,FL,FL,3,USA,U11,M
42158739,15B FPFC PRE-ECNL II,Florida Premier FC,FL,FL,3,USA,U11,M
42161542,SWFL Soccer Academy 2015-2016,SWFL Soccer Academy,FL,FL,3,USA,U11,M
42168602,Weston FC 2015 Future Elite III,Weston FC,FL,FL,3,USA,U11,M
42163956,2015 BOYS ECNL DEV 1,Sporting Jax Soccer Academy,FL,FL,3,USA,U11,M
42160724,Florida Fire West Pines United 2015 Black,West Pines United FC,FL,FL,3,USA,U11,M
42161229,Deportivo Cali Pembroke 2015 Mafla,Miami Stars Soccer,FL,FL,3,USA,U11,M
42160894,KBSC Elite 2015,Key Biscayne SC,FL,FL,3,USA,U11,M
42161908,ONE FC B2015 BLUE,NEUESPORTS,FL,FL,3,USA,U11,M
42164941,Florida Royal FC 2015 Division 1 Elite,Florida Royal FC,FL,FL,3,USA,U11,M
42158749,Parkland SC Elite B15,Parkland Soccer Club,FL,FL,3,USA,U11,M
42158733,FPFC 15B WC REGIONAL,Florida Premier FC,FL,FL,3,USA,U11,M
42160579,Nona Soccer 2015 Boys Black,Nona Soccer Academy,FL,FL,3,USA,U11,M
42158707,KH PreElite Swan City B15-1,Kings Hammer Swan City Soccer Club,FL,FL,3,USA,U11,M
42172004,S5A KENDALL U11 BLACK,Soccer 5 Academy ,FL,FL,3,USA,U11,M
42160789,IdeaSport 2015 Pre MLS 2,IdeaSport Soccer Academy,FL,FL,3,USA,U11,M
42160480,SFK SELECT U10 Jonathan,,FL,FL,3,USA,U11,M
42158731,FPFC 16B PRE ECNL I,Florida Premier FC,FL,FL,3,USA,U11,M
42161278,2015 Boys Red,Ancient City SC,FL,FL,3,USA,U11,M
42158339,MSVG 2015 Boys,Miami Springs Soccer,FL,FL,3,USA,U11,M
42163209,U11,Diamonds Soccer Academy,FL,FL,3,USA,U11,M
42160949,Doral West 2015 B,Doral West Soccer Academy,FL,FL,3,USA,U11,M
42160462,2015B WHITE,Miami Breakers FC,FL,FL,3,USA,U11,M
42160481,SFK ELITE U10 Randy,,FL,FL,3,USA,U11,M
42158598,MAKO 2015 BOYS GREEN SEFPL,Mako Soccer Club,FL,FL,3,USA,U11,M
42158540,Chargers LWR B2015 Pre-EA ARCHIVED PER JUAN,Chargers SC LWR,FL,FL,3,USA,U11,M
42161015,Deportivo Cali Pembroke 2015 Willington,Miami Stars Soccer,FL,FL,3,USA,U11,M
42159054,Jupiter United 2015 Boys Elite,Jupiter United Soccer,FL,FL,3,USA,U11,M
42161890,KBSC Premier 2015,Key Biscayne SC,FL,FL,3,USA,U11,M
42160848,2015 White,South Miami United FC,FL,FL,3,USA,U11,M
42160696,U11 Black 2015,International Soccer Club,FL,FL,3,USA,U11,M
42160719,Florida Fire West Pines United 2015 Gold,West Pines United FC,FL,FL,3,USA,U11,M
42162421,CSSA 2015B Blue,Coral Springs Soccer Academy & Futsal,FL,FL,3,USA,U11,M
42162480,Springs SC Pre-ECNL B15,Springs Soccer Club,FL,FL,3,USA,U11,M
42158536,CLW Chargers B2015 Pre-MLS (U10) Yellow,Chargers Soccer Club,FL,FL,3,USA,U11,M
42161955,Homestead Elite U10B,Miami Athletic Club,FL,FL,3,USA,U11,M
42158666,TBU 2015B North Red WFPL,Tampa Bay United,FL,FL,3,USA,U11,M
42162164,B2015 TER STEGEN,BARCA Academy Pro Miami,FL,FL,3,USA,U11,M
42160570,PBG 15 BOYS PRE-ECNL SWOOSH,Palm Beach Kicks,FL,FL,3,USA,U11,M
42161010,JAM Doral - Rugani,,FL,FL,3,USA,U11,M
42158742,Mutiny SC 2015B Red,North Manatee Soccer,FL,FL,3,USA,U11,M
42158955,TPA Chargers B2015 Pre-MLS (U10) Red,Chargers Soccer Club,FL,FL,3,USA,U11,M
42160218,2015 Boys ULTRA,W&H America,FL,FL,3,USA,U11,M
42158735,FPFC 15B TRY REGIONAL,Florida Premier FC,FL,FL,3,USA,U11,M
42163195,MIAMI UNITED FC 2015 PREMIER II,Miami Stars Soccer,FL,FL,3,USA,U11,M
42159954,Naples Elite SC 2015 Blue FCL,Naples Elite Soccer Club,FL,FL,3,USA,U11,M
42158732,FPFC 15B HERNANDO REGIONAL,Florida Premier FC,FL,FL,3,USA,U11,M
42160131,2015 Elite Colo Colo,Colo Colo Soccer Academy USA,FL,FL,3,USA,U11,M
42164831,A1 Academy 2015,A1 Academy ,FL,FL,3,USA,U11,M
42161773,SCU 2015 Boys Pre-ECNL,Space Coast United,FL,FL,3,USA,U11,M
42160247,ANBBK Boynton Beach Knights BBK-2015-B-Red,Boynton Beach Knights,FL,FL,3,USA,U11,M
42160225,2015 Boys Navy,SABR - Team Boca,FL,FL,3,USA,U11,M
42160174,15B FPFC TRP ELITE,Florida Premier FC,FL,FL,3,USA,U11,M
42160392,FBS-FC 2015 Teal,Futbol Beach Soccer Futsal Club,FL,FL,3,USA,U11,M
42158706,2015B East Lake Navy,West Florida Flames,FL,FL,3,USA,U11,M
42175932,FPFC 15B CP REGIONAL GOLD,Florida Premier FC,FL,FL,3,USA,U11,M
42177068,Merak Academy U11 Gold,Merak Academy,FL,FL,3,USA,U11,M
42161746,PSG ACADEMY FL2 U10 RONALDINHO,PSG Academy FL,FL,FL,3,USA,U11,M
42162051,Strikers Miami FC 2015 Black,Strikers Miami FC ,FL,FL,3,USA,U11,M
42162835,Labelle Heat U11 15/16,Boynton United FC,FL,FL,3,USA,U11,M
42158719,JFC 2015B Elite Blue,Jacksonville FC,FL,FL,3,USA,U11,M
42161233,Sol SC Florida 2015B FAL,Sol SC Florida ,FL,FL,3,USA,U11,M
42162066,DORAL WEST 2015,Doral West Soccer Academy,FL,FL,3,USA,U11,M
42162646,Driftwood Dragons 2015/2016,Driftwood Youth Sports Inc,FL,FL,3,USA,U11,M
42160940,WASA SC 2015 White,"Forge FC, Inc.",FL,FL,3,USA,U11,M
42158653,FHFC 2015 B White,Florida Hawks Futbol Club,FL,FL,3,USA,U11,M
42162541,HSP 2015 NEXT PRO I,High Soccer Prospects,FL,FL,3,USA,U11,M
42160704,Lions U11 Red (2015),Miami Futbol Academy Rush ,FL,FL,3,USA,U11,M
42161742,InterGNV 15/16 USL-Y,Inter Gainesville KF,FL,FL,3,USA,U11,M
42158937,2015 Black,Athletic Club Miami,FL,FL,3,USA,U11,M
42160465,Hodler U10 PRE ECNL 2,Tropical Soccer,FL,FL,3,USA,U11,M
42164172,SWFL B15 BLACK,Florida Premier FC,FL,FL,3,USA,U11,M
42176965,Naples Elite SC 2015 MI,Naples Elite Soccer Club,FL,FL,3,USA,U11,M
42158688,St Petersburg FC Boys 2015 SPFC Team 2,St. Petersburg Football Club,FL,FL,3,USA,U11,M
42158743,Mutiny SC 2015B Black,North Manatee Soccer,FL,FL,3,USA,U11,M
42177003,CES - Real Betis Academy Miami - Elite 2015,Coral Estates S.C.,FL,FL,3,USA,U11,M
42160804,Elite 2015 Red,Elite Soccer Academy (FL),FL,FL,3,USA,U11,M
42160609,2015 Boys Black,Pinecrest Premier Soccer,FL,FL,3,USA,U11,M
42158669,TBU 2015B South Red WFPL,Tampa Bay United,FL,FL,3,USA,U11,M
42163716,2015 BOYS ECNL DEV 2,Sporting Jax Soccer Academy,FL,FL,3,USA,U11,M
42161011,JAM Doral - Bonucci,,FL,FL,3,USA,U11,M
42158689,OBSC 2015 Boys Red,Ormond Beach Soccer Club,FL,FL,3,USA,U11,M
42162672,FC Prime Pre ECNL B15,FC Prime,FL,FL,3,USA,U11,M
42162316,Ocala Premier 2015/2016 Boys Grey,Big Sun YSL,FL,FL,3,USA,U11,M
42160557,Miami Beach Football MBFC 2015,City of Miami Beach Soccer,FL,FL,3,USA,U11,M
42158736,FPFC 15B TRY ELITE,Florida Premier FC,FL,FL,3,USA,U11,M
42160229,W P B FC LIONS BOYS 2015,West Palm Beach FC Lions,FL,FL,3,USA,U11,M
42160556,305 FC 2015,Tropical Soccer,FL,FL,3,USA,U11,M
42159938,2015B Rangers,FC Tampa Rangers,FL,FL,3,USA,U11,M
42162557,FORCE BOYS 2015 BLACK,Indialantic Youth Soccer Association,FL,FL,3,USA,U11,M
42161937,PSG ACADEMY FL1 2015 LUCAS HERNANDEZ,PSG Academy FL,FL,FL,3,USA,U11,M
42161070,PBG 15 BOYS PREMIER SWOOSH,Palm Beach Kicks,FL,FL,3,USA,U11,M
42162743,Edgewater FC u11,Edgewater FC,FL,FL,3,USA,U11,M
42160764,HFC Boys 2015 PREMIER,Hollywood FC,FL,FL,3,USA,U11,M
42160226,2015 Boys Red,SABR - Team Boca,FL,FL,3,USA,U11,M
42158693,St. Pete Raiders 2015B Jennison,St Pete Raiders,FL,FL,3,USA,U11,M
42161222,MIAMI UNITED FC 2015 PREMIER I,Miami Stars Soccer,FL,FL,3,USA,U11,M
42160458,Boca United Boys 2015 PA II,Greater Boca YSA,FL,FL,3,USA,U11,M
42161130,2015B White Brandon,West Florida Flames,FL,FL,3,USA,U11,M
42160132,2015 White Colo Colo,Colo Colo Soccer Academy USA,FL,FL,3,USA,U11,M
42162587,LCPFC 15B ELITE,Florida Premier FC,FL,FL,3,USA,U11,M
42158575,2015 Boys Select,"AC Delray, Inc.",FL,FL,3,USA,U11,M
42160685,15 Kraze Pre ECNL RL,Florida Kraze Krush,FL,FL,3,USA,U11,M
42158471,2015B Academy Gold Tropics,Florida Tropics Academy,FL,FL,3,USA,U11,M
42170861,WS 2015B Di Maria,Weston Select Soccer Club,FL,FL,3,USA,U11,M
42161129,2015B Blue Brandon,West Florida Flames,FL,FL,3,USA,U11,M
42175933,FPFC 15B CP GOLD,Florida Premier FC,FL,FL,3,USA,U11,M
42160526,CCO COBRAS B 2015,Cooper City Optimist,FL,FL,3,USA,U11,M
42158713,B15 Academy,Florida Celtic,FL,FL,3,USA,U11,M
42160381,PSL Hurricanes FC 2015 Boys Red,"PSL Soccer Club/Hurricanes, Inc.",FL,FL,3,USA,U11,M
42158724,JFC 2015B Storm Blue,Jacksonville FC,FL,FL,3,USA,U11,M
42161384,Arena Strikers U10,Miami Athletic Club,FL,FL,3,USA,U11,M
42161004,JAM Doral - Davids,,FL,FL,3,USA,U11,M
42160505,Hollywood - 2015 Red,Cyclones FC,FL,FL,3,USA,U11,M
42158586,SWFL B15 YELLOW NOT NEEDED,Florida Premier FC,FL,FL,3,USA,U11,M
42161256,Nona Soccer 2015 Boys Orange,Nona Soccer Academy,FL,FL,3,USA,U11,M
42161164,Azzurri Storm 2015 Boys Premier,"Azzurri Storm Soccer, Inc.",FL,FL,3,USA,U11,M
42161756,ALBION SC Miami B2015 Academy,ALBION SC Miami,FL,FL,3,USA,U11,M
42160839,Lake Worth Sharks U11boys,Lake Worth Sharks,FL,FL,3,USA,U11,M
42161737,Strikers Miami FC 2015 Pro Academy,Strikers Miami FC ,FL,FL,3,USA,U11,M
42159032,2015 Boys Elite,Winter Haven SC,FL,FL,3,USA,U11,M
42162022,ASG PRE MLS 2015B,Warner Soccer Club,FL,FL,3,USA,U11,M
42163208,Naples Elite SC 2015 Red,Naples Elite Soccer Club,FL,FL,3,USA,U11,M
42161261,2015B Elite,Brevard SA,FL,FL,3,USA,U11,M
42160256,ANBBK Boynton Beach Knights BBK-2015-B-White,Boynton Beach Knights,FL,FL,3,USA,U11,M
42158585,SWFL B15 WHITE,Florida Premier FC,FL,FL,3,USA,U11,M
42160806,2015 Green HB,South Miami United FC,FL,FL,3,USA,U11,M
42158725,JFC 2015 PRE MLS ACADEMY II,Jacksonville FC,FL,FL,3,USA,U11,M
42161391,FCS 2015 Boys Select- WFPL,FC Sarasota Inc,FL,FL,3,USA,U11,M
42176774,Strikers Miami FC 2015 Premier J,Strikers Miami FC ,FL,FL,3,USA,U11,M
42161630,Parkland SC Premier B15,Parkland Soccer Club,FL,FL,3,USA,U11,M
42162508,MAKO 2015 BOYS GREEN,Mako Soccer Club,FL,FL,3,USA,U11,M
42160244,ANWSC Wellington SC 2015B Premier White,Wellington SC,FL,FL,3,USA,U11,M
42158722,JFC 2015B Elite White,Jacksonville FC,FL,FL,3,USA,U11,M
42158720,JFC 2015B Storm Silver,Jacksonville FC,FL,FL,3,USA,U11,M
42158672,TBU 2015B North White WFPL,Tampa Bay United,FL,FL,3,USA,U11,M
42160317,Aventura FC Bold Nation 2015B Black,AVENTURA F.C. BOLD NATION,FL,FL,3,USA,U11,M
42161968,CFC Naples 15B Elite,Coerfontaine FC,FL,FL,3,USA,U11,M
42161986,2015B White,FC America,FL,FL,3,USA,U11,M
42162468,Orlando City Soccer School Windermere and Clermont 2015 Purple,OCSS Windermere & Clermont,FL,FL,3,USA,U11,M
42176018,Chargers LWR PreMLS B2015 (U11),Chargers Soccer Club,FL,FL,3,USA,U11,M
42159797,CSCSF Charlotte Premier 2015 Boys,Charlotte County Soccer Federation,FL,FL,3,USA,U11,M
42158771,Ronaldo Academy Tampa 2015 Black WFPL,RONALDO ACADEMY TAMPA BAY,FL,FL,3,USA,U11,M
42161343,Tampa Dynamo FC 2015B White,Tampa Dynamo FC,FL,FL,3,USA,U11,M
42158761,B15 PH Academy White,Florida Celtic,FL,FL,3,USA,U11,M
42161781,Sporting Gainesville 2015B PRE-NPL,Sporting Gainesville Soccer Academy,FL,FL,3,USA,U11,M
42160871,2015 Green AR,South Miami United FC,FL,FL,3,USA,U11,M
42157999,Florida Evolution FC U10 Green,Boynton United FC,FL,FL,3,USA,U11,M
42162499,AYSO 345 Okeeheelee Heat Mance,,FL,FL,3,USA,U11,M
42162271,KHP4 Swan City B15,Kings Hammer Swan City Soccer Club,FL,FL,3,USA,U11,M
42162271,KHP4 Swan City B15,Kings Hammer Swan City Soccer Club,FL,FL,3,USA,U11,M
42158665,TBU 2015B South Blue WFPL,Tampa Bay United,FL,FL,3,USA,U11,M
42158741,FPFC 15B CP REGIONAL,Florida Premier FC,FL,FL,3,USA,U11,M
42159150,Auburndale Scream 2015 U11 Boys,Auburndale Youth SC,FL,FL,3,USA,U11,M
42158740,FPFC 15B WC RED,Florida Premier FC,FL,FL,3,USA,U11,M
42161087,BU10Black,Colo Colo Soccer Academy USA,FL,FL,3,USA,U11,M
42162611,Nona Soccer 2015 Black,Nona Soccer Academy,FL,FL,3,USA,U11,M
42160493,West Pines United FC 2015 Premier,West Pines United FC,FL,FL,3,USA,U11,M
42160847,2015 Green CP,South Miami United FC,FL,FL,3,USA,U11,M
42160191,Seminole FC 2015 Boys,Seminole Shooting Stars SA,FL,FL,3,USA,U11,M
42161007,JAM - Nedved,,FL,FL,3,USA,U11,M
42160257,Jupiter United 2015 Boys Premier,Jupiter United Soccer,FL,FL,3,USA,U11,M
42162919,FCFC 2015 BOYS RED,Four Corners Football Club,FL,FL,3,USA,U11,M
42158721,JFC 2015B Storm Navy,Jacksonville FC,FL,FL,3,USA,U11,M
42160941,WASA SC 2015 Black,"Forge FC, Inc.",FL,FL,3,USA,U11,M
42161024,Ocala Premier 2015/2016 Boys Blue,Big Sun YSL,FL,FL,3,USA,U11,M
42162469,Port Orange 2015 Boys,Port Orange Soccer Club,FL,FL,3,USA,U11,M
42158514,Chargers TPA B2015 Yellow,Chargers SC TPA,FL,FL,3,USA,U11,M
42158723,JFC 2015B Elite Silver,Jacksonville FC,FL,FL,3,USA,U11,M
42158480,Sporting Oakleaf 2015 Boys Elite,Sporting Jax Soccer Academy,FL,FL,3,USA,U11,M
42158670,TBU 2015B South Gray JA,Tampa Bay United,FL,FL,3,USA,U11,M
42162219,2015B Red,Future Soccer Stars LLC,FL,FL,3,USA,U11,M
42161074,ANWSC Wellington SC 2015B Elite Blue,Wellington SC,FL,FL,3,USA,U11,M
42161380,15 USA Rangers Pre NAL,Clay County SC United Soccer Alliance,FL,FL,3,USA,U11,M
42162327,Florida West FC 15 Naples Campus,Florida West F.C.,FL,FL,3,USA,U11,M
42158737,15B FPFC ZEPH ECNLRL,Florida Premier FC,FL,FL,3,USA,U11,M
42160382,PSL Hurricanes FC 2015 Boys Navy,"PSL Soccer Club/Hurricanes, Inc.",FL,FL,3,USA,U11,M
42161291,U11 GOLDEN,Paris Saint Germain Academy Orlando,FL,FL,3,USA,U11,M
42160655,Springs SC 2015 Boys Phantom,Springs Soccer Club,FL,FL,3,USA,U11,M
42160676,Florida Keys SC 2015,Florida Keys SC,FL,FL,3,USA,U11,M
42161618,Chargers CLW B2015 Yellow,Chargers SC CLW,FL,FL,3,USA,U11,M
42158587,SWFL B15 GOLD,Florida Premier FC,FL,FL,3,USA,U11,M
42160329,Oldsmar SC 2015B Blue,Oldsmar SC,FL,FL,3,USA,U11,M
42158522,2015 BOYS ELITE,Sporting Jax Soccer Academy,FL,FL,3,USA,U11,M
42160179,2015 BOYS,Hernando SC,FL,FL,3,USA,U11,M
42160408,Virginia Key S.C. 2015,Miami Stars Soccer,FL,FL,3,USA,U11,M
42160175,15B FPFC CP RED,Florida Premier FC,FL,FL,3,USA,U11,M
42160151,2015 Southern Homestead Blue,Southern Homestead Soccer Academy ,FL,FL,3,USA,U11,M
42162459,Fort Lauderdale FC 15 Boys White,Fort Lauderdale Select FC,FL,FL,3,USA,U11,M
42159916,FPFC 15B WC ELITE,Florida Premier FC,FL,FL,3,USA,U11,M
42160813,North Port Fusion FC 2015B,North Port Fusion FC,FL,FL,3,USA,U11,M
42163083,OCLN 2015 Boys Purple,Orlando City Soccer School Lake Nona,FL,FL,3,USA,U11,M
42160813,North Port Fusion FC 2015B,North Port Fusion FC,FL,FL,3,USA,U11,M
42158524,2015 BOYS NORTH,Sporting Jax Soccer Academy,FL,FL,3,USA,U11,M
42158727,JFC 2015B Storm White,Jacksonville FC,FL,FL,3,USA,U11,M
42161257,Nona Soccer 2015 Boys Grey,Nona Soccer Academy,FL,FL,3,USA,U11,M
42162584,Chargers LWR B2015 Pre-EA,Chargers SC LWR,FL,FL,3,USA,U11,M
42160297,2015 Cyclone Boys Black,Cape Coral Soccer,FL,FL,3,USA,U11,M
42158656,U11B PCU SC 2015 BLUE,Pinellas County United SC,FL,FL,3,USA,U11,M
42161636,Doral U10 Koke,Atletico de Madrid Academia Miami ,FL,FL,3,USA,U11,M
42159151,MANASOTA 2015 ELITE,Manasota Youth Soccer,FL,FL,3,USA,U11,M
42162765,Key West Stikers 2015B,AYSO Region 660 - Key West Soccer,FL,FL,3,USA,U11,M
42162124,FC Florida Prep 2015,Miramar Optimist,FL,FL,3,USA,U11,M
42161280,2015 Boys Black,Ancient City SC,FL,FL,3,USA,U11,M
42160618,Pembroke - 2015 Celeste,Cyclones FC,FL,FL,3,USA,U11,M
42176553,Brave SC 15 EDP,Brave Sporting Club,FL,FL,3,USA,U11,M
42162455,SCU 2016 Boys Pre-ECNL,Space Coast United,FL,FL,3,USA,U11,M
42177203,Florida Evolution FC U11 Boys Green,Naples City UDAG FC,FL,FL,3,USA,U11,M
42161205,PSA FC DORAL 2015,PSA Football Club,FL,FL,3,USA,U11,M
42161491,Miami Beach Football MBFC 2015 Blue,City of Miami Beach Soccer,FL,FL,3,USA,U11,M
42159072,2015B East Lake White,West Florida Flames,FL,FL,3,USA,U11,M
42158650,Citrus FC Storm U11,Citrus Futbol Club,FL,FL,3,USA,U11,M
42160171,15B FPFC TT SPIRIT REGIONAL,Florida Premier FC,FL,FL,3,USA,U11,M
42160322,2015 Boys Cadets,"AC Delray, Inc.",FL,FL,3,USA,U11,M
42161987,2015B Blue,FC America,FL,FL,3,USA,U11,M
42158642,Plant City 2015B Premier,Plant City FC,FL,FL,3,USA,U11,M
42158523,2015 BOYS PRE NPL,Sporting Jax Soccer Academy,FL,FL,3,USA,U11,M
42161976,IdeaSport 2015 Pro,IdeaSport Soccer Academy,FL,FL,3,USA,U11,M
42160459,Boca United Boys 2015 Pre Academy,Greater Boca YSA,FL,FL,3,USA,U11,M
42163595,Schulz Academy U11 ISA,International Soccer Association,FL,FL,3,USA,U11,M
42160176,FPFC 15B HERNANDO ELITE,Florida Premier FC,FL,FL,3,USA,U11,M
42158714,B15 Academy White,Florida Celtic,FL,FL,3,USA,U11,M
42162224,SCU 2015 Boys White,Space Coast United,FL,FL,3,USA,U11,M
42160170,FPFC 15B WC BLACK,Florida Premier FC,FL,FL,3,USA,U11,M
42158573,DME Academy 2015B Black,"DME Academy, Sarasota",FL,FL,3,USA,U11,M
42161533,15 Kraze Blue,Florida Kraze Krush,FL,FL,3,USA,U11,M
42162507,MAKO 2015 BOYS BLUE,Mako Soccer Club,FL,FL,3,USA,U11,M
42158694,St. Pete Raiders 2015B Lindsey,St Pete Raiders,FL,FL,3,USA,U11,M
42158715,B15 Academy Green,Florida Celtic,FL,FL,3,USA,U11,M
42158493,Nassau United FC 2015B,Amelia Island YSO,FL,FL,3,USA,U11,M
42158521,2015 BOYS PREMIER,Sporting Jax Soccer Academy,FL,FL,3,USA,U11,M
42170758,DC Sports 2015/2016,DC Sports,FL,FL,3,USA,U11,M
42162430,PSJ United 2015 - U11 CC,Port St. John SC,FL,FL,3,USA,U11,M
42162430,PSJ United 2015 - U11 CC,Port St. John SC,FL,FL,3,USA,U11,M
42159561,2015B West Coast Chaos,Englewood Youth Soccer Association,FL,FL,3,USA,U11,M
42160870,2015 Green RL,South Miami United FC,FL,FL,3,USA,U11,M
42163376,Prime 2015 Boys Pink,Florida Prime Soccer,FL,FL,3,USA,U11,M
42162809,IRSA 2015 BOYS BLUE (U11),Indian River Soccer Association,FL,FL,3,USA,U11,M
42162529,GGS 2015 Boys Black,GGS Soccer Academy,FL,FL,3,USA,U11,M
42176283,South Orlando SC SOSC 2015B Pre-RL,South Orlando SC,FL,FL,3,USA,U11,M
42161430,2015 Cyclone Boys Blue,Cape Coral Soccer,FL,FL,3,USA,U11,M
42162303,2015 Boys Elite,Sporting Tallahassee Soccer Academy,FL,FL,3,USA,U11,M
42163065,KHPA Swan B15-1,Kings Hammer Swan City Soccer Club,FL,FL,3,USA,U11,M
42160393,FBS-FC 2015 White,Futbol Beach Soccer Futsal Club,FL,FL,3,USA,U11,M
42160194,Fort Lauderdale FC 15 Boys Red,Fort Lauderdale Select FC,FL,FL,3,USA,U11,M
42158843,Venice 2015 Boys,VENICE SC,FL,FL,3,USA,U11,M
42162645,2015B Yellow,FD Football Club,FL,FL,3,USA,U11,M
42161059,SK Sunblazer U11,"South Kendall Sunblazer Soccer Club, Inc.",FL,FL,3,USA,U11,M
42161381,15 USA Rangers Red,Clay County SC United Soccer Alliance,FL,FL,3,USA,U11,M
42176837,2015 (U11) White,Miami Futbol Academy Rush ,FL,FL,3,USA,U11,M
42162364,Boynton United FC U11 (2015),Boynton United FC,FL,FL,3,USA,U11,M
42162610,Dr. Phillips Soccer Club U11 Blue,Boynton United FC,FL,FL,3,USA,U11,M
42162476,JAM Broward - Rincon,Juventus Academy Miami,FL,FL,3,USA,U11,M
42163416,GULFSOUTH Rush 15 Boys,Coastal Rush,FL,FL,3,USA,U11,M
42162779,ANWSC Wellington SC 2015B Gold,Wellington SC,FL,FL,3,USA,U11,M
42160189,2015 Boys TOROS,W&H America,FL,FL,3,USA,U11,M
42161592,2015B USL Championship,Miami FC Academy,FL,FL,3,USA,U11,M
42162171,South Orlando SC SOSC 2015B Pre-Premier,South Orlando SC,FL,FL,3,USA,U11,M
42161517,Fort Myers Athletic 2015,,FL,FL,3,USA,U11,M
42162481,Springs SC 2015 Boys Tiempo,Springs Soccer Club,FL,FL,3,USA,U11,M
42162481,Springs SC 2015 Boys Tiempo,Springs Soccer Club,FL,FL,3,USA,U11,M
42175441,Central Orlando Soccer Club 2015/U11,Sports Paradize Soccer Academy,FL,FL,3,USA,U11,M
42177072,Weston FC 2015 Boys Blue,Weston FC,FL,FL,3,USA,U11,M
42158673,TBU 2015B North Gray JA,Tampa Bay United,FL,FL,3,USA,U11,M
42162231,MSVG 2015B White,Miami Springs Soccer,FL,FL,3,USA,U11,M
42158618,Tampa Raiders 2015 Boys Blue,Tampa Raiders,FL,FL,3,USA,U11,M
42160307,PALM BEACH WOLVES 2015/U10 ELITE,Palm Beach Wolves Soccer Club,FL,FL,3,USA,U11,M
42162129,Florida Evolution FC U10 White,Boynton United FC,FL,FL,3,USA,U11,M
42162225,SCU 2015 Boys Black 2,Space Coast United,FL,FL,3,USA,U11,M
42162225,SCU 2015 Boys Black 2,Space Coast United,FL,FL,3,USA,U11,M
42164331,PVSC 2015/2016B - PDA - Robison,,FL,FL,3,USA,U11,M
42160172,15B FPFC TRY RED,Florida Premier FC,FL,FL,3,USA,U11,M
42161486,2015B NAVY,Miami Breakers FC,FL,FL,3,USA,U11,M
42163126,2015 Boys Select,Winter Park FC,FL,FL,3,USA,U11,M
42162220,2015B Black,Future Soccer Stars LLC,FL,FL,3,USA,U11,M
42163745,MAKO 2O15 BOYS DEV,Mako Soccer Club,FL,FL,3,USA,U11,M
42162349,BG 2015 Boys,Bold and Gold Sports International,FL,FL,3,USA,U11,M
42158726,JFC 2015B ELITE NAVY,Jacksonville FC,FL,FL,3,USA,U11,M
42162530,GGS 2015 Boys White,GGS Soccer Academy,FL,FL,3,USA,U11,M
42163655,OCSS-Seminole 2015 Pre MLS 2,Orlando City Youth Soccer,FL,FL,3,USA,U11,M
42161204,2015B Alliance,Brevard SA,FL,FL,3,USA,U11,M
42158481,Sporting Oakleaf 2015 Boys Premier,Sporting Jax Soccer Academy,FL,FL,3,USA,U11,M
42163130,Miami Lakes United 2015 Boys Black,Miami Lakes United Soccer Club,FL,FL,3,USA,U11,M
42160904,JAM Palmetto - Quagliarella,,FL,FL,3,USA,U11,M
42160173,15B FPFC TRY GOLD,Florida Premier FC,FL,FL,3,USA,U11,M
42163379,Strikers Impetus 2015,Strikers Miami FC ,FL,FL,3,USA,U11,M
42162352,South Orlando SC SOSC 2015B Green,South Orlando SC,FL,FL,3,USA,U11,M
42159146,Palm Beach Rush 2015B,Palm Beach Rush Soccer Club,FL,FL,3,USA,U11,M
42158631,LPFC 15B ELITE,Florida Premier FC,FL,FL,3,USA,U11,M
42158657,FHFC 2015 B Silver,Florida Hawks Futbol Club,FL,FL,3,USA,U11,M
42163002,THUNDER U10 BLACK,Ives Estate,FL,FL,3,USA,U11,M
42162057,Sol SC Osceola 2015B - OSSA,Sol SC Florida ,FL,FL,3,USA,U11,M
42160169,15B FPFC TT SPIRIT ELITE,Florida Premier FC,FL,FL,3,USA,U11,M
42163481,Macaw Soccer Academy U-10,Macaw Soccer Academy,FL,FL,3,USA,U11,M
42162021,ASG 2015B,Warner Soccer Club,FL,FL,3,USA,U11,M
42164391,HCSC 2015 Yellow,Hunter's Creek SC,FL,FL,3,USA,U11,M
42160972,Miami Krew U11,South Dade United,FL,FL,3,USA,U11,M
42162315,OCLN 2015 Boys White,Orlando City Soccer School Lake Nona,FL,FL,3,USA,U11,M
42161833,Arsenal Youth FC Lehigh 2015,Arsenal Youth FC,FL,FL,3,USA,U11,M
42176708,R.W. Soccer Academy 2015,R.W. Soccer Academy,FL,FL,3,USA,U11,M
42162226,SCU 2015 Boys Black,Space Coast United,FL,FL,3,USA,U11,M
42163058,B1 Soccer Academy USA - B1 USA 2015,B1 Soccer Academy USA,FL,FL,3,USA,U11,M
42158747,KHP1 Bay United B15 Blue,Kings Hammer Bay United Soccer Club,FL,FL,3,USA,U11,M
42160168,15B FPFC CP ELITE,Florida Premier FC,FL,FL,3,USA,U11,M
42162539,Sol SC Florida 2015B Navy 2,Sol SC Florida ,FL,FL,3,USA,U11,M
42158625,Eagles 2015 Blue B,Plantation F.C.,FL,FL,3,USA,U11,M
42163997,Chargers CLW B2015 Red,Chargers SC CLW,FL,FL,3,USA,U11,M
42158664,Sporting Tallahassee 2015 Boys Pre-ECNL RL,Sporting Jax Soccer Academy,FL,FL,3,USA,U11,M
42176416,OCLN 2015 Boys Gold,Orlando City Soccer School Lake Nona,FL,FL,3,USA,U11,M
42162957,LWR Ospreys,Central Academy Youth Soccer Association,FL,FL,3,USA,U11,M
42163915,Chivas FC Boys 2015,Chivas FC,FL,FL,3,USA,U11,M
42177177,GULFSOUTH Rush 15 Boys Blue,Coastal Rush,FL,FL,3,USA,U11,M
42158671,TBU 2015B Wesley Chapel Red JA,Tampa Bay United,FL,FL,3,USA,U11,M
42175613,Bayside Rush 15 Boys,Bayside Rush,FL,FL,3,USA,U11,M
42161379,15 USA Rangers Pre MLS,Clay County SC United Soccer Alliance,FL,FL,3,USA,U11,M
42161873,15 Kraze Red,Florida Kraze Krush,FL,FL,3,USA,U11,M
42162561,LITTLE LIONS B Purple,Orlando City Soccer School Hunters Creek,FL,FL,3,USA,U11,M
42158619,Tampa Raiders 2015 Boys Gray,St Pete Raiders,FL,FL,3,USA,U11,M
42162367,HOMESTEAD FC 2015,Miami Stars Soccer,FL,FL,3,USA,U11,M
42164755,Warriors Soccer Academy TB - 2015A,West Florida Flames,FL,FL,3,USA,U11,M
42177209,2015 CTC PALAU,CTC Bandits FC,FL,FL,3,USA,U11,M
42162111,SPFC 2015,Soccer Paradise,FL,FL,3,USA,U11,M
42163632,Arsenal Youth FC Cape Coral 2015 (Jose),Arsenal Youth FC,FL,FL,3,USA,U11,M
42161780,Sporting Gainesville 2015B NFPL,Sporting Gainesville Soccer Academy,FL,FL,3,USA,U11,M
42158663,U11B PCU SC 2015 WHITE,Pinellas County United SC,FL,FL,3,USA,U11,M
42161012,JAM - Iling,,FL,FL,3,USA,U11,M
42177004,Prime 2015 Boys San Marco Pre-NAL,Florida Prime Soccer,FL,FL,3,USA,U11,M
42161977,South Orlando SC SOSC 2015B White,South Orlando SC,FL,FL,3,USA,U11,M
42160878,FPFC 15B WC GOLD,Florida Premier FC,FL,FL,3,USA,U11,M
42169467,MANASOTA 2015 RED,Manasota Youth Soccer,FL,FL,3,USA,U11,M
42162143,B2015 RAPHINHA,BARCA Academy Pro Miami,FL,FL,3,USA,U11,M
42164290,JFC 2015B REC CANO,Jacksonville FC,FL,FL,3,USA,U11,M
42160613,Azzurri Storm 2015 Boys Purple,"Azzurri Storm Soccer, Inc.",FL,FL,3,USA,U11,M
42161279,2015 Boys White,Ancient City SC,FL,FL,3,USA,U11,M
42176017,Chargers CLW PreMLS B2015 (U11),Chargers Soccer Club,FL,FL,3,USA,U11,M
42164303,Coerfontaine FC 16B Premier,Coerfontaine FC,FL,FL,3,USA,U11,M
42164557,LFC U9s,Palm Beach Soccer Academy ,FL,FL,3,USA,U11,M
42164470,East Orlando Knights FC 2015B Black,East Orlando Knights Futbol Club ,FL,FL,3,USA,U11,M
42160921,Tampa Dynamo FC 2015B Black,Tampa Dynamo FC,FL,FL,3,USA,U11,M
42186054,WFF 2014B Premier Brandon,West Florida Flames,FL,FL,3,USA,U11,M
42162891,MANASOTA 2015 ELITE RED,Manasota Youth Soccer,FL,FL,3,USA,U11,M
42164330,PVSC 2015/2016B - PDA - Bustros/Wildermuth,,FL,FL,3,USA,U11,M
42160955,Monroe Premier F.C. 2015B,Monroe Premier,FL,FL,3,USA,U11,M
42162981,WFSC 2015 Boys,West Florida Soccer Club,FL,FL,3,USA,U11,M
42160786,Chargers TPA B2015 Red,Chargers SC TPA,FL,FL,3,USA,U11,M
42162431,Stetson FA 2015 Boys White,Stetson FA,FL,FL,3,USA,U11,M
42161208,2015B SCSC,Soccer Club of St Cloud,FL,FL,3,USA,U11,M
42163116,Arsenal Youth FC Cape Coral --2015 (Jose),,FL,FL,3,USA,U11,M
42158734,FPFC 15B CP BLACK,Florida Premier FC,FL,FL,3,USA,U11,M
42164526,JFC 2015B REC HILL,Jacksonville FC,FL,FL,3,USA,U11,M
42164563,DYSC Rec U10,Deltona Youth SC,FL,FL,3,USA,U11,M
42164004,ECR 2015B Blue,Emerald Coast Rush,FL,FL,3,USA,U11,M
42164005,ECR 2015B Red,Emerald Coast Rush,FL,FL,3,USA,U11,M
42161761,Sergio Ortiz Soccer U11 Boys,Sergio Ortiz Soccer,FL,FL,3,USA,U11,M
42158785,2015 radfc,Real Athletic Development FC,FL,FL,3,USA,U11,M
42162762,FBS FC 2015 Miami Sharks,Futbol Beach Soccer Futsal Club,FL,FL,3,USA,U11,M
42162977,West Kendall U10 Boys,West Kendall Optimist,FL,FL,3,USA,U11,M
42161395,FCS 2015 Boys Premier - WFPL,FC Sarasota Inc,FL,FL,3,USA,U11,M
42177043,WMF FC Opa-Locka U11 (2015),Boynton United FC,FL,FL,3,USA,U11,M
42163081,Florida West FC 15 Cape Coral Campus,Florida West F.C.,FL,FL,3,USA,U11,M
42176019,Chargers TPA PreMLS B2015 (U11),Chargers Soccer Club,FL,FL,3,USA,U11,M
42162114,BSA U11 PRO ESCOLA,Barcelona Soccer Academy,FL,FL,3,USA,U11,M
42163028,KHP2 Bay United B15 White,Kings Hammer Bay United Soccer Club,FL,FL,3,USA,U11,M
42160405,Jetsetv F.C. ICFC 2015,Impact City FC,FL,FL,3,USA,U11,M
42163175,WS 2015B Neymar,Weston Select Soccer Club,FL,FL,3,USA,U11,M
42162425,2015 Titusville Tigers,Titusville Soccer Club,FL,FL,3,USA,U11,M
42177036,La Cantera U11,Miami Athletic Club,FL,FL,3,USA,U11,M
42164494,SSA Swarm Coastal 15/16 B Silver,Southern Soccer Academy,FL,FL,3,USA,U11,M
42163203,GULFSOUTH Rush 15 Boys White,Coastal Rush,FL,FL,3,USA,U11,M
42162361,FCFC 2015 BOYS WHITE,Four Corners Football Club,FL,FL,3,USA,U11,M
42163377,Prime 2015 Boys Pre-NAL,Florida Prime Soccer,FL,FL,3,USA,U11,M
42163784,Ospreys,Lakewood Ranch FC,FL,FL,3,USA,U11,M
42164329,PVSC 2015/2016B - PDA - Gilgen/Tyler,,FL,FL,3,USA,U11,M
42176997,Titusville SC 2015 Boys,Titusville Soccer Club,FL,FL,3,USA,U11,M
42161008,JAM Palmetto - Kean,Juventus Academy Miami,FL,FL,3,USA,U11,M
42161914,United Soccer Alliance Coastal Kicks 2015 Tempest,,FL,FL,3,USA,U11,M
42162321,GALACTICOS SOCCER ACADEMY 2015 BLUE,Galacticos Soccer Academy,FL,FL,3,USA,U11,M
42162737,2015-BOYS TEAM WHITE,Miami Shores Soccer Club,FL,FL,3,USA,U11,M
42162946,LCPFC 15B RED,Florida Premier FC,FL,FL,3,USA,U11,M
42163076,Naples United FC 2015 Blue,,FL,FL,3,USA,U11,M
42177204,Florida Evolution FC U11 Boys White,Naples City UDAG FC,FL,FL,3,USA,U11,M
42161774,DSSC Boys 2015 - WFPL,Dunedin Stirling SC,FL,FL,3,USA,U11,M
42160820,BFUT 2015,BFUT Soccer Academy,FL,FL,3,USA,U11,M
42176861,2015/16,Bay Lions Florida Soccer Club,FL,FL,3,USA,U11,M
42161888,2015 GOLD,Florida Fire Soccer Club,FL,FL,3,USA,U11,M
42163886,Cushman,South Miami United FC,FL,FL,3,USA,U11,M
42158512,Chargers TPA B2015 Academy Blue,Chargers SC TPA,FL,FL,3,USA,U11,M
42162245,East Orlando Knights FC 2015B Gold,East Orlando Knights Futbol Club ,FL,FL,3,USA,U11,M
42175007,Stovi Stars 2015 Prodigy,Stovi Stars,FL,FL,3,USA,U11,M
42174551,OCSS-Seminole 2015 Pre MLS,Orlando City Youth Soccer,FL,FL,3,USA,U11,M
42176874,J Petrov Academy 2015/16,J Petrov Academy,FL,FL,3,USA,U11,M
42161244,2015 BLACK,Florida Fire Soccer Club,FL,FL,3,USA,U11,M
42177201,2015 GRIEZMANN,Atletico de Madrid Academia Miami ,FL,FL,3,USA,U11,M
42176984,JAM Doral - Salihamidzic,Juventus Academy Miami,FL,FL,3,USA,U11,M
42164627,U10 Boys (Archive),,FL,FL,3,USA,U11,M
42172256,JAM Doral - Milik,,FL,FL,3,USA,U11,M
42162667,IRSA 2015 BOYS WHITE (U11),Indian River Soccer Association,FL,FL,3,USA,U11,M
42162663,Brevard Beachside Impact 2015B- Black,Brevard Beachside Soccer Club Inc,FL,FL,3,USA,U11,M
42176464,Florida Elite Palm Coast 2014 Boys ECNL Dev,,FL,FL,3,USA,U11,M
42175973,2015 BOYS PLATINUM,Sporting Jax Soccer Academy,FL,FL,3,USA,U11,M
42176985,JAM Doral - Pogba,Juventus Academy Miami,FL,FL,3,USA,U11,M
42163323,Herron Soccer Academy 2015,Herron Soccer Academy,FL,FL,3,USA,U11,M
42176621,SVSC 2015 Boys,Southeast Volusia SC,FL,FL,3,USA,U11,M
42175109,FAL 2015 Academy,Plantation F.C.,FL,FL,3,USA,U11,M
42176768,Orlando City Soccer School Windermere and Clermont 2015 Silver,OCSS Windermere & Clermont,FL,FL,3,USA,U11,M
42176844,Sunrise Surf 2015 Boys,Sunrise Soccer Club,FL,FL,3,USA,U11,M
42162442,2015 Boys Premier,Sporting Tallahassee Soccer Academy,FL,FL,3,USA,U11,M
42161806,Florida West FC 15 Ft Myers Campus,Florida West F.C.,FL,FL,3,USA,U11,M
42163266,CES - Soccer USA 2015,Coral Estates S.C.,FL,FL,3,USA,U11,M
42161768,IMPETUS U10,Impetus Soccer Club,FL,FL,3,USA,U11,M
42177211,CFC 15 Championship,Coerfontaine FC,FL,FL,3,USA,U11,M
42177205,Merak Academy U11 Silver,Merak Academy,FL,FL,3,USA,U11,M
42160968,Miami International Academy 2015 Elite,Miami Athletic Club,FL,FL,3,USA,U11,M
42164525,JFC 2015B REC RICCI,Jacksonville FC,FL,FL,3,USA,U11,M
42177178,EC Rush 2015 Boys Blue,Emerald Coast Rush,FL,FL,3,USA,U11,M
42163855,Deportivo Cali Pembroke 2015 Elite,Miami Stars Soccer,FL,FL,3,USA,U11,M
42163639,CSMYS Manatee Area YSA 2015 Recreational Academy,Manatee Area YSA,FL,FL,3,USA,U11,M
42163627,MK PB Knights U11B,South Dade United,FL,FL,3,USA,U11,M
42164983,West Lions U10,FUTSOC,FL,FL,3,USA,U11,M
42177481,Bold and Gold 2015 Boys,Bold and Gold Sports International,FL,FL,3,USA,U11,M
42177485,ASG FL 2015B Red,ASG,FL,FL,3,USA,U11,M
42177033,TBU 2015B North Blue WFPL,Tampa Bay United,FL,FL,3,USA,U11,M
42163333,OCSS-Seminole 2015 Pre Elite,Orlando City Youth Soccer,FL,FL,3,USA,U11,M
42163555,OCSS-Seminole 2015 Pre NAL,Orlando City Youth Soccer,FL,FL,3,USA,U11,M
42176322,2015 Boys Premier,Winter Park FC,FL,FL,3,USA,U11,M
42186522,West Pines United F.C.,,FL,FL,3,USA,U11,M
42162867,ECSA - 2016,Eagle Creek Soccer Academy,FL,FL,3,USA,U11,M
42162540,Sol SC Lake County 2015B - Tavares,Sol SC Florida ,FL,FL,3,USA,U11,M
42161086,Florida Roots 15B Elite,Rip City Surf Soccer Club,FL,FL,3,USA,U11,M
42158450,2015 Black SEFPL,South Miami United FC,FL,FL,3,USA,U11,M
42162320,Sol SC Florida 2015B Navy 1,Sol SC Florida ,FL,FL,3,USA,U11,M
42162255,CAYSA TAF 2015B,Central Academy Youth Soccer Association,FL,FL,3,USA,U11,M
42175697,MSVG Boys,Miami Springs Soccer,FL,FL,3,USA,U11,M
42158763,NUFC 2015 Boys,Navarre United Futbol Club,FL,FL,3,USA,U11,M
42164474,Florida Fire West Pines United 2015 White,West Pines United FC,FL,FL,3,USA,U11,M
42164289,H Soccer Boys 2015,Miami Breakers FC,FL,FL,3,USA,U11,M
42164117,2015B Newcastle,FC Tampa Rangers,FL,FL,3,USA,U11,M
