gotsport_team_id,display_name,club,state,team_association_raw,region,country,age_group,gender
42160750,CF 15B Central Black,Concorde Fire ,GA,GA,3,USA,U11,M
42174761,CF 15B North Black,Concorde Fire ,GA,GA,3,USA,U11,M
42158835,CF 15B South Black,Concorde Fire ,GA,GA,3,USA,U11,M
42176237,Concorde fire central 2015B Gold,Concorde Fire ,GA,GA,3,USA,U11,M
42177229,SSA Swarm Marietta 15B Pre MLS-Next I,Southern Soccer Academy,GA,GA,3,USA,U11,M
42161909,GSA 15B Premier,Gwinnett Soccer Academy,GA,GA,3,USA,U11,M
42163674,UFA South Georgia 15B Red,United Futbol Academy,GA,GA,3,USA,U11,M
42161360,SG Spartans FC 2015/16B,Bainbridge Decatur County Recreation Authority,GA,GA,3,USA,U11,M
42174561,TRIUMPH 15B GOLD,Triumph Youth Soccer,GA,GA,3,USA,U11,M
42175667,AFC Lightning 14B White,AFC Lightning,GA,GA,3,USA,U11,M
42177093,Alianza White 15,Alianza SC,GA,GA,3,USA,U11,M
42163181,SSA Swarm Coastal 15/16B,Southern Soccer Academy,GA,GA,3,USA,U11,M
42176465,Legion FC 2014 Boys,Legion Futbol Club,GA,GA,3,USA,U11,M
42174722,Hart Academy 2014B,Hart Academy,GA,GA,3,USA,U11,M
42186683,Inter Atlanta FC 15B SL Blue,Inter Atlanta FC,GA,GA,3,USA,U11,M
42177250,NTH NASA 15 SCCL Elite Milton,NASA Tophat,GA,GA,3,USA,U11,M
42177103,FC Calhoun 2015 B,Calhoun FC,GA,GA,3,USA,U11,M
42177255,2015 B LSA Gold,Lanier Soccer Academy,GA,GA,3,USA,U11,M
42176292,MSC U11 Boys White,Macon SC,GA,GA,3,USA,U11,M
42177095,Georgia Revolution FC 15B Red,Georgia Revolution FC,GA,GA,3,USA,U11,M
42177285,Steamers FC 2015B Blue Academy,Steamers FC,GA,GA,3,USA,U11,M
42177231,CF 15B Alpharetta Club,Concorde Fire ,GA,GA,3,USA,U11,M
42177286,Alliance SC 2015B Elite,Alliance SC,GA,GA,3,USA,U11,M
42177275,CF 15B Alpharetta Black,Concorde Fire ,GA,GA,3,USA,U11,M
42177235,SSA Swarm Marietta 15B Pre MLS-Next II,Southern Soccer Academy,GA,GA,3,USA,U11,M
42177267,UFA 15B Black,United Futbol Academy,GA,GA,3,USA,U11,M
42176114,Rush Union B2015 Rush,Rush Union Soccer,GA,GA,3,USA,U11,M
42177263,Inter Atlanta FC 15B Black,Inter Atlanta FC,GA,GA,3,USA,U11,M
42177214,CF 15B Central White,Concorde Fire ,GA,GA,3,USA,U11,M
42176249,Concorde Fire South 15B Gold,Concorde Fire ,GA,GA,3,USA,U11,M
42177295,Georgia Wolves 2015Red,Georgia Wolves Soccer Club,GA,GA,3,USA,U11,M
42177242,SSA Swarm Kennesaw/Paulding 15B Academy I,Southern Soccer Academy,GA,GA,3,USA,U11,M
42177248,Alliance SC 2015B Premier,Alliance SC,GA,GA,3,USA,U11,M
42174698,GSA North 15B Red,Gwinnett Soccer Academy,GA,GA,3,USA,U11,M
42176297,Savannah United 15B West,Savannah United Select,GA,GA,3,USA,U11,M
42174709,AFC Lightning 14B Red,AFC Lightning,GA,GA,3,USA,U11,M
42177252,Atlanta Fire 15B Elite I,Atlanta Fire United,GA,GA,3,USA,U11,M
42176199,SSA Swarm Kenn/Paulding 14B Elite,Southern Soccer Academy,GA,GA,3,USA,U11,M
42177257,UFA 15B Red,United Futbol Academy,GA,GA,3,USA,U11,M
42177281,Roswell Santos Red 15B,Roswell Santos Soccer Club,GA,GA,3,USA,U11,M
42177369,NASA 15B Premier Smyrna,NASA Tophat,GA,GA,3,USA,U11,M
42177260,ALBION SC Atlanta B15 Academy,Albion SC Atlanta,GA,GA,3,USA,U11,M
42177104,Georgia Impact 2015B Premier,Georgia Impact SC,GA,GA,3,USA,U11,M
42175151,GSA North 14B White,Gwinnett Soccer Academy,GA,GA,3,USA,U11,M
42174746,GSA North 14B Green,Gwinnett Soccer Academy,GA,GA,3,USA,U11,M
42177149,CF 15B Cobb Black,Concorde Fire ,GA,GA,3,USA,U11,M
42177239,Rush Union B2015 Royal,Rush Union Soccer,GA,GA,3,USA,U11,M
42177269,ALBION SC ATLANTA METRO B15 SCCL,Albion SC Atlanta,GA,GA,3,USA,U11,M
42177232,CF 15B Central Club 2,Concorde Fire ,GA,GA,3,USA,U11,M
42176294,MAYS Striker 2014 A,Metro Atlanta YMCA Soccer,GA,GA,3,USA,U11,M
42176111,Georgia Impact 2015B Elite,Georgia Impact SC,GA,GA,3,USA,U11,M
42176112,Alliance SC 2015B Elite Pre-SCCL,Alliance SC,GA,GA,3,USA,U11,M
42177246,Suda Swarm FC 2015 Boys Premier,Sudamerica Swarm FC,GA,GA,3,USA,U11,M
42174960,Alpharetta Ambush SC B15 Red - Travel,Alpharetta Ambush Select Soccer,GA,GA,3,USA,U11,M
42176189,CF 15B North White,Concorde Fire ,GA,GA,3,USA,U11,M
42161928,CH4 BU10 Gold - 2016,CH4 Soccer Academy,GA,GA,3,USA,U11,M
42174728,Concorde Fire 14B South White,Concorde Fire ,GA,GA,3,USA,U11,M
42174767,Savannah United 15B Premier,Savannah United Select,GA,GA,3,USA,U11,M
42177098,BVBIA Georgia 15B Yellow,BVB IA,GA,GA,3,USA,U11,M
42177097,CF 15B South Red,Concorde Fire ,GA,GA,3,USA,U11,M
42186612,AFC Lightning Griffin 2015B Gold,AFC Lightning,GA,GA,3,USA,U11,M
42176172,Savannah United 15B Blue,Savannah United Select,GA,GA,3,USA,U11,M
42162906,SSA Swarm Cartersville 15B-Morgans...,Southern Soccer Academy,GA,GA,3,USA,U11,M
42174710,Legion FC2014 Boys,Legion Futbol Club,GA,GA,3,USA,U11,M
42174729,UFA Loganville 14B White,United Futbol Academy,GA,GA,3,USA,U11,M
42174958,UFA Metro Atlanta 14B Black,United Futbol Academy,GA,GA,3,USA,U11,M
42174959,Athens United 14B Gold,Athens United SA,GA,GA,3,USA,U11,M
42174963,United FC-Furman 15B Black,,GA,GA,3,USA,U11,M
42174969,GSA North 14B Gold,Gwinnett Soccer Academy,GA,GA,3,USA,U11,M
42174970,Rush Union B2014 Grey (Milton),Rush Union Soccer,GA,GA,3,USA,U11,M
42174972,Grow U11 Blue,,GA,GA,3,USA,U11,M
42174717,GSA East 14B Premier,Gwinnett Soccer Academy,GA,GA,3,USA,U11,M
42175864,RHSC 2014 Boys White,Richmond Hill SC,GA,GA,3,USA,U11,M
42230320,GSA North 14B White,Gwinnett Soccer Academy,GA,GA,3,USA,U11,M
42176468,Atlanta City FC 2014B Rec,Atlanta City FC,GA,GA,3,USA,U11,M
42176469,HSA 2014 Boys,Hinesville Soccer Association,GA,GA,3,USA,U11,M
42177249,UFA 15B White - North,United Futbol Academy,GA,GA,3,USA,U11,M
42177251,NTH NASA 15 SCCL Premier Marietta,NASA Tophat,GA,GA,3,USA,U11,M
42177247,GSA South 15B Red,Gwinnett Soccer Academy,GA,GA,3,USA,U11,M
42177253,NTH NASA 15 SCCL Elite Marietta,NASA Tophat,GA,GA,3,USA,U11,M
42177254,GSA South 15B Premier,NASA Tophat,GA,GA,3,USA,U11,M
42177245,CF 15B Alpharetta White,Concorde Fire ,GA,GA,3,USA,U11,M
42177244,SSA Swarm Coweta 15B Elite,Southern Soccer Academy,GA,GA,3,USA,U11,M
42177256,NTH NASA 15 SCCL South,NASA Tophat,GA,GA,3,USA,U11,M
42177258,Suda Swarm FC 2015 Boys Elite,Sudamerica Swarm FC,GA,GA,3,USA,U11,M
42177243,Rush Union B2015 Azul,Rush Union Soccer,GA,GA,3,USA,U11,M
42177259,All-In FC Buford 2015B Gold,All-In FC,GA,GA,3,USA,U11,M
42177261,2015 B LSA Navy,Lanier Soccer Academy,GA,GA,3,USA,U11,M
42177262,Triumph 15B black,Triumph Youth Soccer,GA,GA,3,USA,U11,M
42177234,Steamers FC 2015B Blue,Steamers FC,GA,GA,3,USA,U11,M
42177233,Atlanta Fire 15B Elite II,Atlanta Fire United,GA,GA,3,USA,U11,M
42177270,Atlanta Fire 2015B Gold II,Atlanta Fire United,GA,GA,3,USA,U11,M
42177271,GSA North 15B Black,Gwinnett Soccer Academy,GA,GA,3,USA,U11,M
42177230,GSA North 15B Premier Jefferson Cup,Gwinnett Soccer Academy,GA,GA,3,USA,U11,M
42177228,AFC Lightning 15B Gold,AFC Lightning,GA,GA,3,USA,U11,M
42177227,Inter Atlanta FC 15B Blue,Inter Atlanta FC,GA,GA,3,USA,U11,M
42177282,Inter Atlanta FC 15B Navy,Inter Atlanta FC,GA,GA,3,USA,U11,M
42177226,UFA 15B Premier,United Futbol Academy,GA,GA,3,USA,U11,M
42177283,GSA East 15B Premier,Gwinnett Soccer Academy,GA,GA,3,USA,U11,M
42177284,2015B Sugar Hill Gold,All-In FC,GA,GA,3,USA,U11,M
42177287,ASC 2015 Boys,Anders Soccer Club,GA,GA,3,USA,U11,M
42177288,Augusta Arsenal 2015B Navy,Augusta Arsenal SC (GA),GA,GA,3,USA,U11,M
42177289,UFA Lawrenceville 15B Red,United Futbol Academy,GA,GA,3,USA,U11,M
42177290,Triumph 15B White,Triumph Youth Soccer,GA,GA,3,USA,U11,M
42177292,Steamers FC 2015B White Academy,Steamers FC,GA,GA,3,USA,U11,M
42177293,Augusta Arsenal 2015B Green,Augusta Arsenal SC (GA),GA,GA,3,USA,U11,M
42177294,Atlanta Fire 2015 Silver 3,Atlanta Fire United,GA,GA,3,USA,U11,M
42177296,All-In FC Sugar Hill 15B Bronze,All-In FC,GA,GA,3,USA,U11,M
42177297,Roswell Santos Green 15B,Roswell Santos Soccer Club,GA,GA,3,USA,U11,M
42177298,Alliance SC 2015B Red,Alliance SC,GA,GA,3,USA,U11,M
42177301,UFA South Georgia 15B Black,United Futbol Academy,GA,GA,3,USA,U11,M
42177367,NTH NASA B15 Smyrna Select,NASA Tophat,GA,GA,3,USA,U11,M
42177161,FC CALHOUN Premier,Calhoun FC,GA,GA,3,USA,U11,M
42177160,Athens United 15B Red,Athens United SA,GA,GA,3,USA,U11,M
42177152,Georgia Revolution FC 2015 Blue,Georgia Revolution FC,GA,GA,3,USA,U11,M
42177151,SSA Swarm Marietta 15B II,Southern Soccer Academy,GA,GA,3,USA,U11,M
42177150,UFA 15B Bronze I,United Futbol Academy,GA,GA,3,USA,U11,M
42177148,CF 15B Central Bronze II,Concorde Fire ,GA,GA,3,USA,U11,M
42177147,AFC Lightning 15B White,AFC Lightning,GA,GA,3,USA,U11,M
42177144,GSA South 15B White,Gwinnett Soccer Academy,GA,GA,3,USA,U11,M
42177142,AFC Lightning 15B Black,AFC Lightning,GA,GA,3,USA,U11,M
42177141,SSA Swarm Marietta 15B,Southern Soccer Academy,GA,GA,3,USA,U11,M
42163623,SSA Swarm Coastal 15/16 B Silver,,GA,GA,3,USA,U11,M
42177482,Harris County United 2015B,,GA,GA,3,USA,U11,M
42176210,Rush Union B2014 Cinza,,GA,GA,3,USA,U11,M
42176293,Georgia Storm SA 14B Silver,Georgia Storm Soccer Academy,GA,GA,3,USA,U11,M
42176296,UFA Metro Atlanta 14B Red,UFA Metro Atlanta,GA,GA,3,USA,U11,M
42177096,Inter Atlanta 15B Gray,Inter Atlanta FC Blues,GA,GA,3,USA,U11,M
42177094,BVB IA Georgia B15 Black,BVB IA,GA,GA,3,USA,U11,M
42175727,Triumph 15B Green,Triumph Youth Soccer,GA,GA,3,USA,U11,M
42174694,2014B CSA CLT Pre-ECNL White,Charlotte Soccer Academy,GA,GA,3,USA,U11,M
42174703,UFA Loganville 14B Bronze,United Futbol Academy,GA,GA,3,USA,U11,M
42174732,AFC Lightning 14B Black,AFC Lightning,GA,GA,3,USA,U11,M
42174737,GSA East 14B Red,Gwinnett Soccer Academy,GA,GA,3,USA,U11,M
42174765,Savannah United 14B Dev,Savannah United Select,GA,GA,3,USA,U11,M
42176115,FSA 2015 Boys Blue,Florence SA,GA,GA,3,USA,U11,M
42177241,AFC Lightning 15B Red,AFC Lightning,GA,GA,3,USA,U11,M
42177264,NTH NASA 15B Select,NASA Tophat,GA,GA,3,USA,U11,M
42177265,UFA 15B Gold,United Futbol Academy,GA,GA,3,USA,U11,M
42177240,UFA Mountains 15B Black,United Futbol Academy,GA,GA,3,USA,U11,M
42177266,Chattanooga Red Wolves SC - 15B Red.,Chattanooga Red Wolves SC,GA,GA,3,USA,U11,M
42177238,UFA Norcross 15B Red,United Futbol Academy,GA,GA,3,USA,U11,M
42177237,AFU South 2015B Gold,Atlanta Fire United,GA,GA,3,USA,U11,M
42177268,NTH NASA 15B Classic,NASA Tophat,GA,GA,3,USA,U11,M
