gotsport_team_id,display_name,club,state,team_association_raw,region,country,age_group,gender
42161095,XF B15 RCL1,,WA,WA,4,USA,U11,M
42158681,XF 2015 RCL 2,Crossfire Premier,WA,WA,4,USA,U11,M
42161926,Eastside FC B16 Red,Eastside FC (WA),WA,WA,4,USA,U11,M
42158565,NW United B15 Blk,Northwest United FC,WA,WA,4,USA,U11,M
42170492,3RSC B15 Dynamo,Three Rivers Soccer Club,WA,WA,4,USA,U11,M
42175526,Columbia Premier SC 15B Black 1,Columbia Premier Soccer Club,WA,WA,4,USA,U11,M
42163605,WW SURF B15 ELITE A,NPSA,WA,WA,4,USA,U11,M
42175504,CPSC 2015B Black 2,,WA,WA,4,USA,U11,M
42175285,Cascade FC B15 Green,,WA,WA,4,USA,U11,M
42169097,CWS B15 Navy Lackey,Central Washington Sounders,WA,WA,4,USA,U11,M
42164386,B15 PRE-PREMIER,Washington East Surf Soccer Club,WA,WA,4,USA,U11,M
42164081,B15 Pre EA,Washington East Surf Soccer Club,WA,WA,4,USA,U11,M
42175473,Crossfire Premier B15 RCL3,,WA,WA,4,USA,U11,M
42163650,NCA Boys 2015 Navy,North County Alliance Football Club,WA,WA,4,USA,U11,M
42175624,Kitsap Alliance FC B2015 Blue,Kitsap Alliance FC,WA,WA,4,USA,U11,M
42175482,Basin Sounders B2015 Reyes,Basin Sounders,WA,WA,4,USA,U11,M
42175282,NSC B15 Thunder,Northshore Select Club,WA,WA,4,USA,U11,M
42164159,Steel United WA B15 Elite,Steel United Washington,WA,WA,4,USA,U11,M
42175437,NW United B15 White,Northwest United FC,WA,WA,4,USA,U11,M
42177024,PALOUSE B15 GREY,Washington East Surf Soccer Club,WA,WA,4,USA,U11,M
42186222,Pacific FC B14 Titan Blue,Pacific FC,WA,WA,4,USA,U11,M
42175597,Eastside FC B15 Bellevue A,,WA,WA,4,USA,U11,M
42163753,Mukilteo FC B15 - Navy,Mukilteo Youth SC,WA,WA,4,USA,U11,M
42175414,Eastside F.C. B14 Bellevue,Eastside FC (WA),WA,WA,4,USA,U11,M
42175503,NSC15B,,WA,WA,4,USA,U11,M
42170108,Basin Sounders B2015 Calderon,Basin Sounders,WA,WA,4,USA,U11,M
42175497,FC Salmon Creek Blue,FC Salmon Creek,WA,WA,4,USA,U11,M
42164211,WW SURF B15 SNOHOMISH A,NPSA,WA,WA,4,USA,U11,M
42174909,WW SURF - LFC B14-1,NPSA,WA,WA,4,USA,U11,M
42175793,Snohomish United B15 Red,Snohomish United,WA,WA,4,USA,U11,M
42173396,South Whidbey B14 Islanders,Islanders FC,WA,WA,4,USA,U11,M
42163251,CWS B15 White Ramos,Central Washington Sounders,WA,WA,4,USA,U11,M
42164192,PSSC Cosmos 2015 white,Puget Sound Soccer Club,WA,WA,4,USA,U11,M
42173370,Seattle United South B14 Blue,Seattle United,WA,WA,4,USA,U11,M
42173388,Seattle United NW B14 Black,Seattle United,WA,WA,4,USA,U11,M
42173372,FME SC B14 Blue,Fife Milton Edgewood JSC,WA,WA,4,USA,U11,M
42175508,Seattle United NW B15 Blue,Seattle United,WA,WA,4,USA,U11,M
42164202,Little Warriors B15/16 Attack,Little Warriors Sports Academy,WA,WA,4,USA,U11,M
42175408,PacNW B14 Blue B,PacNW,WA,WA,4,USA,U11,M
42175346,Liga Tlaxlti,,WA,WA,4,USA,U11,M
42164082,B15 Canchola,Wenatchee FC,WA,WA,4,USA,U11,M
42175657,WFC Rangers B15 Gold,Whatcom FC Rangers,WA,WA,4,USA,U11,M
42175986,Liga Tlaxlti,,WA,WA,4,USA,U11,M
42175658,WFC Rangers B15 Blue,Whatcom FC Rangers,WA,WA,4,USA,U11,M
42173383,PacNW PacFW Select B14 Wolves (Marchitto),PacNW,WA,WA,4,USA,U11,M
42175421,Valor Soccer - B14 Premier Black,Valor Soccer,WA,WA,4,USA,U11,M
42175422,Washington Premier FC B14 Navy C,Washington Premier FC,WA,WA,4,USA,U11,M
42173393,FME SC B14 White,Fife Milton Edgewood JSC,WA,WA,4,USA,U11,M
42175908,Seattle Celtic B15 Gold,Seattle Celtic,WA,WA,4,USA,U11,M
42164476,WE SURF SC B15 WADKINS,Washington East Surf Soccer Club,WA,WA,4,USA,U11,M
42175535,Washington Rush B15 Azul,Washington Rush,WA,WA,4,USA,U11,M
42175570,Pacific FC 15B White Storm,,WA,WA,4,USA,U11,M
42173380,Tracyton SC B14 Orange,Tracyton SC,WA,WA,4,USA,U11,M
42175290,Crossfire Select B15B,Crossfire Select Soccer Club,WA,WA,4,USA,U11,M
42164313,ECFC M15 Green,Emerald City FC,WA,WA,4,USA,U11,M
42173374,Seattle United SH B14 Blue,Seattle United,WA,WA,4,USA,U11,M
42175403,PacNW B14 Maroon A,PacNW,WA,WA,4,USA,U11,M
42175478,Washington Rush B15 Nero,Washington Rush,WA,WA,4,USA,U11,M
42175594,Pacific FC 15B Orange Storm,,WA,WA,4,USA,U11,M
42164199,WW SURF B15 PUYALLUP A,NPSA,WA,WA,4,USA,U11,M
42163957,HPFC Heat B2015 Purple,Highline Premier FC,WA,WA,4,USA,U11,M
42175439,NCA Boys 2015 White,North County Alliance Football Club,WA,WA,4,USA,U11,M
42164132,B15 Red,Sparta Tacoma,WA,WA,4,USA,U11,M
42175434,NW United B15 Red,Northwest United FC,WA,WA,4,USA,U11,M
42163917,HPFC Heat B2015 Blue,Highline Premier FC,WA,WA,4,USA,U11,M
42164392,Spokane Shadow B2015 S Rave,Spokane Shadow,WA,WA,4,USA,U11,M
42185366,Columbia Premier,,WA,WA,4,USA,U11,M
42175404,Washington Premier FC B14 Black A,Washington Premier FC,WA,WA,4,USA,U11,M
42175621,Sound FC B15 C,,WA,WA,4,USA,U11,M
42175413,PacNW B14 White C,PacNW,WA,WA,4,USA,U11,M
42175438,Sound FC B15A,,WA,WA,4,USA,U11,M
42173377,Valor B14 Select Krise,,WA,WA,4,USA,U11,M
42173397,Lake Hills B14 Frangooles,,WA,WA,4,USA,U11,M
42175292,Bainbridge Island FC B15 Black,Bainbridge Island FC,WA,WA,4,USA,U11,M
42164029,B15 Wenatchee United,Wenatchee United SC,WA,WA,4,USA,U11,M
42164197,WW SURF B15 BELLEVUE A,NPSA,WA,WA,4,USA,U11,M
42175463,WW SURF B15 ISSAQUAH/SAMMAMISH A,NPSA,WA,WA,4,USA,U11,M
42175293,Bainbridge Island FC B15 Blue,Bainbridge Island FC,WA,WA,4,USA,U11,M
42173392,NWSC Deception FC B14,NWSC,WA,WA,4,USA,U11,M
42173379,HSA Select B14-Bhegani,,WA,WA,4,USA,U11,M
42166988,Columbia Premier SC 16B East 3,Columbia Premier Soccer Club,WA,WA,4,USA,U11,M
42173378,Crossfire Select B15 A,Crossfire Select Soccer Club,WA,WA,4,USA,U11,M
42173387,Crossfire Select B14 D,Crossfire Select Soccer Club,WA,WA,4,USA,U11,M
42173399,NSC B14D,,WA,WA,4,USA,U11,M
42175625,Kitsap Alliance FC B 2015 White,Kitsap Alliance FC,WA,WA,4,USA,U11,M
42175584,Pacific FC 15B Blue Storm,,WA,WA,4,USA,U11,M
42164133,B15 White,Sparta Tacoma,WA,WA,4,USA,U11,M
42186247,Pacific FC B14 Titan White,Pacific FC,WA,WA,4,USA,U11,M
42175464,WW SURF B15 SNOHOMISH A,NPSA,WA,WA,4,USA,U11,M
42164198,WW SURF B15 BOTHELL A,NPSA,WA,WA,4,USA,U11,M
42164312,BU11 2015 KVJSA PUMAS Ellensburg Chica/Willette,Kittitas Valley Junior Soccer Association,WA,WA,4,USA,U11,M
42175294,Harbor Soccer Club SDP B14 (Schellhase),,WA,WA,4,USA,U11,M
42163826,MRFC B15 Red,Mt. Rainier Futbol Club,WA,WA,4,USA,U11,M
42176815,Spokane Legacy SA - B2015 Vela,Spokane Legacy Soccer Academy,WA,WA,4,USA,U11,M
42175680,Whatcom FC Rangers-WFC Rangers B15B,Whatcom FC Rangers,WA,WA,4,USA,U11,M
42186246,Pacific FC B14 Titan Orange,Pacific FC,WA,WA,4,USA,U11,M
42175479,Washington Rush Select B15 Rush,Washington Rush,WA,WA,4,USA,U11,M
42164188,XL B15 Onyx,XL,WA,WA,4,USA,U11,M
42175331,Valor B15 Premier Gold,Valor Soccer,WA,WA,4,USA,U11,M
42164297,Seattle Celtic B15 Black,Seattle Celtic,WA,WA,4,USA,U11,M
42164298,Seattle Celtic B15 Bronze,Seattle Celtic,WA,WA,4,USA,U11,M
42176484,FC Salmon Creek 15B White,,WA,WA,4,USA,U11,M
42164203,Little Warriors B15 Bravo Gold,Little Warriors Sports Academy,WA,WA,4,USA,U11,M
42164250,XL B15 Steel,XL,WA,WA,4,USA,U11,M
42164196,WW SURF B15 ELITE B,NPSA,WA,WA,4,USA,U11,M
42175295,Tracyton SC B14 Thunder,Tracyton SC,WA,WA,4,USA,U11,M
42175288,NSC B14 Lightning,Northshore Select Club,WA,WA,4,USA,U11,M
42164299,Seattle Celtic B15 Orange,Seattle Celtic,WA,WA,4,USA,U11,M
42164015,MRFC B15 Academy 2,Mt. Rainier Futbol Club,WA,WA,4,USA,U11,M
42175461,WW SURF B15 BELLEVUE A,NPSA,WA,WA,4,USA,U11,M
42175377,MRFC B15 Academy,Mt. Rainier Futbol Club,WA,WA,4,USA,U11,M
42175794,Snohomish United B15 White,Snohomish United,WA,WA,4,USA,U11,M
42164300,Seattle Celtic B15 Green,Seattle Celtic,WA,WA,4,USA,U11,M
42175769,Timber barons Garcia,,WA,WA,4,USA,U11,M
42164073,BVBIA WA-EASTSIDE-B2015,BVB IA WA - Eastside,WA,WA,4,USA,U11,M
42175048,Evergreen United B15,Evergreen United FC,WA,WA,4,USA,U11,M
42164213,WW SURF B15 EASTSIDE A,NPSA,WA,WA,4,USA,U11,M
42175366,Deception FC B15,,WA,WA,4,USA,U11,M
42173391,NSC B14C,,WA,WA,4,USA,U11,M
42175319,Eastside FC B15 Grey,,WA,WA,4,USA,U11,M
42175374,Olympus 2015,Evergreen United FC,WA,WA,4,USA,U11,M
42163966,TC United B2015 White,Thurston County United,WA,WA,4,USA,U11,M
42163965,TC United B2015 Navy,Thurston County United,WA,WA,4,USA,U11,M
42176987,Spokane Shadow B2015 South Rave,Spokane Shadow,WA,WA,4,USA,U11,M
42175681,wfc rangers b15s,Whatcom FC Rangers,WA,WA,4,USA,U11,M
42175682,Whatcom FC Rangers B15G,Whatcom FC Rangers,WA,WA,4,USA,U11,M
42163918,HPFC Heat B2015 Red,Highline Premier FC,WA,WA,4,USA,U11,M
42163883,Everett FC B15 Navy,Everett Youth Soccer Club,WA,WA,4,USA,U11,M
42164080,BVB SEATTLE-B15,BVBIA WA - Seattle,WA,WA,4,USA,U11,M
42175453,Sound FC B2015C/D,,WA,WA,4,USA,U11,M
42175281,Sound FC 2015B,,WA,WA,4,USA,U11,M
42164193,Spokane Shadow Juniors B2015 Anderson Valley,Spokane Shadow,WA,WA,4,USA,U11,M
42176678,B15 BLACK VALLEY,Washington East Surf Soccer Club,WA,WA,4,USA,U11,M
42176563,90+ B2015 Wadkins,90+ Project SC,WA,WA,4,USA,U11,M
42175480,Washington Rush B15 Rush,Washington Rush,WA,WA,4,USA,U11,M
42176432,Seattle United B15,,WA,WA,4,USA,U11,M
42164134,B15 Silver,Sparta Tacoma,WA,WA,4,USA,U11,M
42175646,Atletico B15 Pre MLS Next,Atletico (WA),WA,WA,4,USA,U11,M
42175498,Cascade FC B15B,,WA,WA,4,USA,U11,M
42163958,HPFC Heat B2015 Gray,Highline Premier FC,WA,WA,4,USA,U11,M
42176762,90+ B2015 Peterson,90+ Project SC,WA,WA,4,USA,U11,M
42175431,PSA Force B15 Black,,WA,WA,4,USA,U11,M
42164224,Skagit Premier Football Club B15,Skagit Premier Football Club,WA,WA,4,USA,U11,M
42175534,Washington Rush B15 Cinza,Washington Rush,WA,WA,4,USA,U11,M
42173910,IFC B14 Select/Hunziker,,WA,WA,4,USA,U11,M
42174901,PSSC COSMOS FC B 2014 BL,Puget Sound Soccer Club,WA,WA,4,USA,U11,M
42174913,WW SURF - LFC B14-2/B14-3,NPSA,WA,WA,4,USA,U11,M
42173407,NSC B14 E,,WA,WA,4,USA,U11,M
42175187,Mukilteo FC B15 - Green,Mukilteo Youth SC,WA,WA,4,USA,U11,M
42175289,NSC B14 Warriors,Northshore Select Club,WA,WA,4,USA,U11,M
42175291,NSC B15D,Northshore Select Club,WA,WA,4,USA,U11,M
42175316,MRFC B15 White,Mt. Rainier Futbol Club,WA,WA,4,USA,U11,M
42175349,PSA Force B15 White,,WA,WA,4,USA,U11,M
42175465,NSC B15C,,WA,WA,4,USA,U11,M
42175467,Cascade FC B15 White,,WA,WA,4,USA,U11,M
42185209,Sound FC B14B,,WA,WA,4,USA,U11,M
42164210,WW SURF B15 PUYALLUP B,NPSA,WA,WA,4,USA,U11,M
42164212,WW SURF B15 MEDINA A,NPSA,WA,WA,4,USA,U11,M
42164214,WW SURF B15 EASTSIDE B,NPSA,WA,WA,4,USA,U11,M
42164215,WW SURF B15 EASTSIDE C,NPSA,WA,WA,4,USA,U11,M
42164283,B15 XL 3,XL,WA,WA,4,USA,U11,M
42163943,LFC IA WA B15-2,Liverpool Football Club International Academy - Washington,WA,WA,4,USA,U11,M
42163941,LFC IA WA B15-1,Liverpool Football Club International Academy - Washington,WA,WA,4,USA,U11,M
42177115,WW SURF B15 ELITE CENTRAL PRE-MLS NEXT2,NPSA,WA,WA,4,USA,U11,M
42173375,MIFC B14 xl2,XL,WA,WA,4,USA,U11,M
42175586,Chuckanut Tide B2015 Purple,Chuckanut Tide FC,WA,WA,4,USA,U11,M
42176971,Spokane Shadow B2015 North Rave,Spokane Shadow,WA,WA,4,USA,U11,M
42175428,Harbor Premier B14 White B,,WA,WA,4,USA,U11,M
42175659,WFC Rangers B15S,Whatcom FC Rangers,WA,WA,4,USA,U11,M
42175791,UPSC Blue Whales - White,,WA,WA,4,USA,U11,M
